sku,fullName,url,activo,categoria,subcategoria,precio_actual,precio_referencia,stock_actual,tipo_receta,laboratorio,marca,presentacion,composicion,principio_activo,principio_activo_id
125947,Arthrozeel x 50 Comprimidos,https://www.farmaloop.cl/products/arthrozeel-x-50-comprimidos-125947/,true,Suplementos y Vitaminas,Suplementos,18590,21090,1,Presentación receta médica,PRODUCTOS FARMACEUTICOS HEEL CHILE LIMITADA,,Comprimido,antiartritico homeopatico, Antiartrítico Homeopático,6df07320-c371-4028-95a7-25fee335091a
140315,Bioxantin x 60 Cápsulas Blandas,https://www.farmaloop.cl/products/bioxantin-x-60-capsulas-blandas-140315/,true,Suplementos y Vitaminas,Suplementos,16990,18990,12,Venta directa (Sin receta),NUTRAPHARM,,Capsula,astaxantina | alfatocoferol (vitamina e), Astaxantina; Alfatocoferol (Vitamina E),e374d373-1306-4966-95da-853fe9a95e00
140555,Potasio Citrato 500 mg x 30 Cápsulas,https://www.farmaloop.cl/products/potasio-citrato-500-mg-x-30-capsulas-140555/,false,Suplementos y Vitaminas,Suplementos,,,0,Venta directa (Sin receta),PRONAT LABS CHILE,,Cápsula,potasio citrato 500 mg, Potasio Citrato,cde71554-53dc-435b-956e-b9c483c98d47
140098,Multivitaminas + Biotina X 20 Tabletas Efervescentes (German Energy),https://www.farmaloop.cl/products/multivitaminas-biotina-x-20-tabletas-efervescentes-german-energy-140098/,true,Suplementos y Vitaminas,Vitaminas y Minerales,3190,3990,8,Venta directa (Sin receta),SOC MEDICA IMPORTADORA Y COMERCIALIZADORA BIOPLUS SPA,,Tableta,retinol (vitamina a) | cianocobalamina (vitamina b12) | acido ascorbico (vitamina c) | acido pantotenico (vitamina b5) | calciferol (vitamina d) | biotina (vitamina b8) | alfatocoferol (vitamina e) | niacina (vitamina b3) | tiamina (vitamina b1) | piridoxina (vitamina b6) | riboflavina (vitamina b2) | acido folico (vitamina b9)," Retinol (Vitamina A),Cianocobalamina (Vitamina B12),Acido Ascorbico (Vitamina C),Acido Pantotenico (Vitamina B5),Calciferol (Vitamina D),Biotina (Vitamina B8),Alfatocoferol (Vitamina E),Niacina (Vitamina B3),Tiamina (Vitamina B1),Piridoxina (Vitamina B6),Riboflavina (Vitamina B2),Acido Folico (Vitamina B9)",7bbabe0c-3b97-4f34-b5ac-149463717647
140567,Cranberry Springlife x 30 Comprimidos,https://www.farmaloop.cl/products/cranberry-springlife-x-30-comprimidos-140567/,true,Suplementos y Vitaminas,Suplementos,,,0,Venta directa (Sin receta),SOCOFAR S.A.,,Comprimido,, Segun Rotulado,b7465506-b9cf-4ba2-8795-664883c7fdb4
110880,Mintavit-C 500 mg x 30 Comprimidos,https://www.farmaloop.cl/products/mintavitc-500-mg-x-30-comprimidos-110880/,false,Suplementos y Vitaminas,Vitaminas y Minerales,,,0,Venta directa (Sin receta),MEDICAL INTERNATIONAL LABORATORIES CORPORATION S.A.,,Comprimido,acido ascorbico (vitamina c),Ac.Ascorbico (Vitamina C),acf5a112-8e10-489c-bca1-5c5b7c10f76d
61939,Vitamina C 1000 mg x 20 Comprimidos Efervescentes,https://www.farmaloop.cl/products/vitamina-c-1000-mg-x-20-comprimidos-efervescentes-61939/,false,Suplementos y Vitaminas,Vitaminas,,,0,Venta directa (Sin receta),SOC MEDICA IMPORTADORA Y COMERCIALIZADORA BIOPLUS SPA,,Comprimido,acido ascorbico (vitamina c),Ac.Ascorbico (Vitamina C),acf5a112-8e10-489c-bca1-5c5b7c10f76d
126410,Mi Vit-C 100 mg Frutos Rojos x 100 Comprimidos,https://www.farmaloop.cl/products/mi-vitc-100-mg-frutos-rojos-x-100-comprimidos-126410/,true,Suplementos y Vitaminas,Vitaminas y Minerales,1000,2000,0,Venta directa (Sin receta),EUROFARMA CHILE S.A.,,Comprimido,acido ascorbico (vitamina c),Ac.Ascorbico (Vitamina C),acf5a112-8e10-489c-bca1-5c5b7c10f76d
138761,Cebion 1000 mg x 10 Comprimidos Efervescentes,https://www.farmaloop.cl/products/cebion-1000-mg-x-10-comprimidos-efervescentes-138761/,true,Suplementos y Vitaminas,Vitaminas y Minerales,4890,7190,20,Venta directa (Sin receta),MERCK S.A.,CEBION,Comprimido,acido ascorbico (vitamina c) 1 g,Ac.Ascorbico (Vitamina C),acf5a112-8e10-489c-bca1-5c5b7c10f76d
97886,Vitamina C 100 mg x 100 Comprimidos,https://www.farmaloop.cl/products/vitamina-c-100-mg-x-100-comprimidos-97886/,false,Suplementos y Vitaminas,Vitaminas,,,0,Venta directa (Sin receta),LABORATORIO VALMA LIMITADA,,Comprimido,acido ascorbico (vitamina c),Ac.Ascorbico (Vitamina C),acf5a112-8e10-489c-bca1-5c5b7c10f76d
126372,Mi Vit-C 500 mg x 30 Comprimidos,https://www.farmaloop.cl/products/mi-vitc-500-mg-x-30-comprimidos-126372/,true,Suplementos y Vitaminas,Vitaminas y Minerales,,,0,Venta directa (Sin receta),PRODUCTOS FARMACEUTICOS MEDIPHARM SPA,,Comprimido,acido ascorbico (vitamina c),Ac.Ascorbico (Vitamina C),acf5a112-8e10-489c-bca1-5c5b7c10f76d
61940,Multivitamínico + Minerales x 20 Comprimidos Efervescentes,https://www.farmaloop.cl/products/multivitaminico-minerales-x-20-comprimidos-efervescentes-61940/,false,Suplementos y Vitaminas,Vitaminas y Minerales,,,0,Venta directa (Sin receta),SOC MEDICA IMPORTADORA Y COMERCIALIZADORA BIOPLUS SPA,,Comprimido,acido ascorbico (vitamina c) | alfatocoferol (vitamina e) | tiamina (vitamina b1) | riboflavina (vitamina b2) | niacina (vitamina b3) | piridoxina (vitamina b6) | acido folico (vitamina b9) | cianocobalamina (vitamina b12) | acido pantotenico | biotina (vitamina h) | calcio | magnesio,"Ac.Ascorbico (Vitamina C),Alfatocoferol (Vitamina E),Tiamina (Vitamina B1),Riboflavina (Vitamina B2),Niacina (Vitamina B3),Piridoxina (Vitamina B6),Ac.Folico (Vitamina B9),Cianocobalamina (Vitamina B12),Acido Pantotenico,Biotina (Vitamina H),Calcio,Magnesio",f05de3fe-01e6-4080-90e3-9d6ba45a1c97
96492,Abecidin ACD x 30 ml Solución Oral Para Gotas,https://www.farmaloop.cl/products/abecidin-acd-x-30-ml-solucion-oral-para-gotas-96492/,true,Suplementos y Vitaminas,Vitaminas y Minerales,9470,11840,6,Presentación receta médica,LABORATORIO PASTEUR S.A.,,100 ml,acido ascorbico (vitamina c) | ascorbato de sodio | mezcla de retinol palmitato (vitamina a) y colecalciferol (vitamina d3) hidromiscible | retinol palmitato (vitamina a) hidromiscible,"Ac.Ascorbico (Vitamina C),Ascorbato De Sodio,Mezcla De Retinol Palmitato (Vitamina A) Y Colecalciferol (Vitamina D3) Hidromiscible,Retinol Palmitato (Vitamina A) Hidromiscible",d081dfd1-996c-4fe7-bdd6-f03bbbd60423
138473,Bion Allergo x 30 Comprimidos,https://www.farmaloop.cl/products/bion-allergo-x-30-comprimidos-138473/,false,Suplementos y Vitaminas,Vitaminas y Minerales,,,0,Venta directa (Sin receta),MERCK S.A.,,Comprimido,,"Ac.Ascorbico (Vitamina C),Celulosa Microcristalina,Hidroxipropilmetilcelulosa,Lactobacilus,Estearato De Magnesio,Maltodextrina,Dioxido De Titanio",8d9d21fa-eba3-4583-9c9b-1150d0c3ddb4
17040,Redoxon Doble Accion x 10 Comprimidos Efervescentes,https://www.farmaloop.cl/products/redoxon-doble-accion-x-10-comprimidos-efervescentes-17040/,true,Suplementos y Vitaminas,Vitaminas y Minerales,3990,4899,0,Venta directa (Sin receta),BAYER S.A.,,Comprimido,acido ascorbico (vitamina c) | zinc,"Ac.Ascorbico (Vitamina C),Zinc",930235a4-e5a0-453d-b62a-9974cc12ff47
139947,Betacar Solar x 60 Cápsulas,https://www.farmaloop.cl/products/betacar-solar-x-60-capsulas-139947/,false,Suplementos y Vitaminas,Vitaminas y Minerales,,,0,Venta directa (Sin receta),SIN COMPAÑIA,,Capsula,aceite de betacaroteno | vitamina e | aceite de propoleo | cera de abejas,"Aceite de Betacaroteno, Vitamina E, Aceite de Propóleo, Cera de Abejas",fd5ec17f-2338-4075-a362-cd95ab36b12e
110784,SpringLife Pepa de Calabaza Plus x 60 Capsulas Blandas,https://www.farmaloop.cl/products/springlife-pepa-de-calabaza-plus-x-60-capsulas-blandas-110784/,false,Suplementos y Vitaminas,Suplementos,,,0,Venta directa (Sin receta),MEDICAL INTERNATIONAL LABORATORIES CORPORATION S.A.,,Capsula,aceite de calabaza | licopeno,"Aceite De Calabaza,Licopeno",83978d05-3da5-4fcf-a00c-7eb21d81f1d2
96651,Phoslo Acetato De Calcio 667mg x 60 Comprimidos,https://www.farmaloop.cl/products/phoslo-acetato-de-calcio-667mg-x-60-comprimidos-96651/,true,Suplementos y Vitaminas,Suplementos,,,10,Presentación receta médica,LABORATORIO PASTEUR S.A.,,Comprimido,acetato de calcio,Acetato De Calcio,5c80b52c-ec44-471c-9fd9-2f1d279f3842
101017,Crevet Light Vitamina C 100mg 100 Comprimidos Masticables,https://www.farmaloop.cl/products/crevet-light-100-mg-x-100-comprimidos-masticables-101017/,true,Suplementos y Vitaminas,Vitaminas y Minerales,1990,2390,1,Venta directa (Sin receta),LABORATORIOS PRATER S A,,Comprimido,acido ascorbico (vitamina c),Acido Ascorbico (Vitamina C),64c9bca4-db9d-4269-9624-841b8d1f895c
139038,Vitamina C 500 mg x 60 Comprimidos,https://www.farmaloop.cl/products/vitamina-c-500-mg-x-60-comprimidos-139038/,false,Suplementos y Vitaminas,Vitaminas y Minerales,,,0,Venta directa (Sin receta),SUPLALIM LTDA,,Comprimido,acido ascorbico (vitamina c),Acido Ascorbico (Vitamina C),64c9bca4-db9d-4269-9624-841b8d1f895c
138649,Vitamina C 1000 mg x 60 Comprimidos,https://www.farmaloop.cl/products/vitamina-c-1000-mg-x-60-comprimidos-138649/,true,Suplementos y Vitaminas,Vitaminas y Minerales,,,0,Venta directa (Sin receta),SUPLALIM LTDA,,Comprimido,,Acido Ascorbico (Vitamina C),64c9bca4-db9d-4269-9624-841b8d1f895c
139008,Vitamina C 1000 mg Sunvit 60 Comprimidos,https://www.farmaloop.cl/products/vitamina-c-sunvit-1000-mg-x-60-comprimidos-139008/,true,Suplementos y Vitaminas,Vitaminas y Minerales,9800,13990,5,Venta directa (Sin receta),SOC. COM. NLS NUTRALINE SUPLEMENT LTDA.,,Comprimido,acido ascorbico (vitamina c) 1000 mg,Acido Ascorbico (Vitamina C),64c9bca4-db9d-4269-9624-841b8d1f895c
138717,Vitamina C 500mg 30 Comprimidos Masticables,https://www.farmaloop.cl/products/vitamina-c-500-mg-x-120-capsulas-138717/,true,Suplementos y Vitaminas,Vitaminas y Minerales,1500,2500,1,Venta directa (Sin receta),MDC HEALTH SPA,,100 g,,Acido Ascorbico (Vitamina C),64c9bca4-db9d-4269-9624-841b8d1f895c
140585,Abecidin ACD x 30 ml Solución Oral Para Gotas,https://www.farmaloop.cl/products/abecidin-acd-x-30-ml-solucion-oral-para-gotas-140585/,false,Suplementos y Vitaminas,Vitaminas,,,0,Presentación receta médica,LABORATORIO PASTEUR S.A.,,100 ml,acido ascorbico (vitamina c) | ascorbato de sodio | mezcla de retinol palmitato (vitamina a) y colecalc,"ACIDO ASCORBICO (VITAMINA C),ASCORBATO DE SODIO,MEZCLA DE RETINOL PALMITATO (VITAMINA A) Y COLECALC",a0ea44fe-3353-4454-9edd-59df87421acc
140553,Vitayde-C Vitaminas ACD Gotas 30 ml,https://www.farmaloop.cl/products/vitaydec-gotas-30-ml-140553/,true,Suplementos y Vitaminas,Vitaminas y Minerales,,,5,Venta directa (Sin receta),LABORATORIOS SAVAL S A,,100 ml,acido ascorbico | colecalciferol | retinol,Acido Ascorbico / Colecalciferol / Retinol,20264e14-7ac8-4962-807d-6789b9d4f59e
86131,Fenokomp 39 x 90 Comprimidos,https://www.farmaloop.cl/products/fenokomp-39-x-90-comprimidos-86131/,true,Suplementos y Vitaminas,Suplementos,,,0,Venta directa (Sin receta),KNOP LABORATORIOS S.A.,,Comprimido,acido citrico | belladona | fenolftaleina | nux vomica,"Acido Citrico,Belladona,Fenolftaleina,Nux Vomica",bb4abd6b-6a93-4a31-bd13-6343228b5aad
139091,Subra Support Brain 60 Cápsulas,https://www.farmaloop.cl/products/subra-support-brain-x-60-capsulas-139091/,true,Suplementos y Vitaminas,Vitaminas y Minerales,21690,24690,0,Venta directa (Sin receta),PRODUCTOS FARMACÉUTICOS Y NUTRACÉUTICOS NEUROPHARMA LIMITADA,,Capsula,,"Acido Folico (Vitamina B9),Calciferol (Vitaminas D),Cianocobalamina (Vitamina B12),Piridoxina (Vitamina B6)",69809ba4-1778-4e52-820f-2d791813219f
138843,Bion 3 Mini x 30 Comprimidos,https://www.farmaloop.cl/products/bion-3-mini-x-30-comprimidos-138843/,true,Suplementos y Vitaminas,Vitaminas y Minerales,17490,17490,0,Venta directa (Sin receta),MERCK S.A.,,Comprimido,alfa tocoferol (vit e) | acido ascorbico (vit c) | bifidobacterium | biotina | calcio | cianocobalamina (vit b12) | ciolecalciferol | acido folico | hierro | lactobacillus | niacina | acido pantotenico | piridoxina (vit b6) | retinol (vitamina a) | riboflavina (vitamina b2),"Alfa Tocoferol (Vit E),Ac.Ascorbico (Vit C),Bifidobacterium,Biotina,Calcio,Cianocobalamina (Vit B12),Ciolecalciferol,Ac.Folico,Hierro,Lactobacillus,Niacina,Acido Pantotenico,Piridoxina (Vit B6),Retinol (Vitamina A),Riboflavina (Vitamina B2)",9186c8c6-a272-4eec-8e8f-2b8196113b60
139732,Bion 3 x 60 Comprimidos,https://www.farmaloop.cl/products/bion-3-x-60-comprimidos-139732/,true,Suplementos y Vitaminas,Vitaminas y Minerales,22890,25690,0,Venta directa (Sin receta),MERCK S.A.,,Comprimido,multivitamínico,"Alfa Tocoferol (Vitamina E),Ac.Ascorbico (Vitamina C),Biotina,Calcio Fosfato,Calcio Pantotenato (Vitamina B5),Calcitriol (Vitamina D),Cianocobalamina (Vitamina B12),Sulfato De Cobre,Cromo,Fitomenadiona (Vitamina K1),Ac.Folico (Vitamina B9),Hierro Sulfato,Lactobacillus,Magnesio Oxido",c6a986cc-f550-4e22-bb75-74184aba7e23
139162,Bion 3 x 30 Comprimidos,https://www.farmaloop.cl/products/bion-3-x-30-comprimidos-139162/,true,Suplementos y Vitaminas,Vitaminas y Minerales,13990,13999,2,Venta directa (Sin receta),MERCK S.A.,,Comprimido,alfa tocoferol (vitamina e) | acido ascorbico (vitamina c) | biotina | calcio fosfato | calcio pantotenato | calcitriol | cianocobalamina (vitamina b12) | sulfato de cobre | cromo | fitomenadiona (vitamina k1) | acido folico | sulfato de hierro | lactobacillus | oxido de mag,"Alfa Tocoferol (Vitamina E),Ac.Ascorbico (Vitamina C),Biotina,Calcio Fosfato,Calcio Pantotenato,Calcitriol,Cianocobalamina (Vitamina B12),Sulfato De Cobre,Cromo,Fitomenadiona (Vitamina K1),Ac.Folico,Sulfato De Hierro,Lactobacillus,Oxido De Mag",37ffd669-5f33-40d2-9922-e4c09cdeae63
110731,Vitamina E 400 UI 30 Cápsulas,https://www.farmaloop.cl/products/vitamina-e-400-ui-x-30-capsulas-110731/,true,Suplementos y Vitaminas,Vitaminas y Minerales,4500,5990,3,Venta directa (Sin receta),American Nutrition,,Capsula,,Alfatocoferol (Vitamina E),4606f132-268a-487f-ac66-dd9a3b9172fa
15070,Vitamina E 400 UI x 30 Capsulas,https://www.farmaloop.cl/products/vitamina-e-400-ui-x-30-capsulas-15070/,false,Suplementos y Vitaminas,Vitaminas y Minerales,,,0,Venta directa (Sin receta),MDC HEALTH SPA,,Capsula,alfatocoferol (vitamina e),Alfatocoferol (Vitamina E),4606f132-268a-487f-ac66-dd9a3b9172fa
139768,Vitamina E 400 UI x 30 Capsulas Blandas,https://www.farmaloop.cl/products/vitamina-e-400-ui-x-30-capsulas-blandas-139768/,false,Suplementos y Vitaminas,Vitaminas y Minerales,,,0,Venta directa (Sin receta),SUPLALIM LTDA,,Capsula,,Alfatocoferol (Vitamina E),4606f132-268a-487f-ac66-dd9a3b9172fa
139201,Bion Transit x 30 Capsulas,https://www.farmaloop.cl/products/bion-transit-x-30-capsulas-139201/,false,Suplementos y Vitaminas,Vitaminas y Minerales,,,0,Venta directa (Sin receta),MERCK S.A.,,Capsula,,"Almidon De Papa,Hydroxipropilmetilcelulosa,Lactobacillus Plantarum Lp299v,Estearato De Magnesio",37ad6abf-ab6e-4d7e-8ab9-625e0b07f794
140603,Aloe Ferox 150 mg x 60 cápsulas,https://www.farmaloop.cl/products/aloe-ferox-150-mg-x-60-capsulas-140603/,false,Suplementos y Vitaminas,Suplementos,,,0,Venta directa (Sin receta),LABORATORIO MEGALABS CHILE S.A.,,Capsula,,Aloe Vera,9c71db2b-378d-405b-b3c1-2abaf2d45abf
139955,Bioxantin Pro Age 30 Caps Nutrapharm,https://www.farmaloop.cl/products/bioxantin-pro-age-30-caps-nutrapharm-139955/,false,Suplementos y Vitaminas,Suplementos,,,0,Venta directa (Sin receta),NUTRAPHARM,,Capsula,antioxidantes: astaxantina | luteina | calafate y vitaminas,"Antioxidantes: Astaxantina, Luteína, Calafate y Vitaminas",ecc61403-caec-4df9-85ae-44b29df3a5bb
139418,Maqui5000 440 mg x 30 Capsulas,https://www.farmaloop.cl/products/maqui5000-440-mg-x-30-capsulas-139418/,false,Suplementos y Vitaminas,Suplementos,,,0,Venta directa (Sin receta),VITAL AND YOUNG,,Capsula,aristotelia chilensis concentrado natural en polvo de fruto de maqui | vitis vinifera concentrado natural en polvo de uvas,"Aristotelia Chilensis Concentrado Natural En Polvo De Fruto De Maqui,Vitis Vinifera Concentrado Natural En Polvo De Uvas",07be86b8-1975-4e60-bc98-b379efa91224
139584,Bioxantin x 60 Capsulas,https://www.farmaloop.cl/products/bioxantin-x-60-capsulas-139584/,false,Suplementos y Vitaminas,Suplementos,,,0,Venta directa (Sin receta),NUTRAPHARM,,Capsula,astaxantina | alfatocoferol (vitamina e),"Astaxantina,Alfatocoferol (Vitamina E)",064c0eca-00aa-43db-a4ed-9c57876147b0
139979,Cerebrum Aura Vitalis / 60 Cápsulas,https://www.farmaloop.cl/products/cerebrum-aura-vitalis-60-capsulas-139979/,false,Suplementos y Vitaminas,Vitaminas y Minerales,,,0,Venta directa (Sin receta),SIN COMPAÑIA,,Capsula,avena extracto | alfalfa extracto lecitina de soya | almidon,"Avena Extracto, , Alfalfa Extracto Lecitina de Soya, Almidón",41b34354-a494-4543-ae56-5fa7dd2f7a22
117589,SpringLife Propoleo Eucaliptus x 10 Caramelos,https://www.farmaloop.cl/products/springlife-propoleo-eucaliptus-x-10-caramelos-117589/,true,Suplementos y Vitaminas,Suplementos,,,0,Venta directa (Sin receta),MUNNICH PHARMA MEDICAL LIMITADA,,Unidades,azucar | jarabe de glucosa | miel | propoleo de abeja | mentol | esencia de eucaliptus,"Azucar,Jarabe De Glucosa,Miel,Propoleo De Abeja,Mentol,Esencia De Eucaliptus",85c96bc4-9d80-439b-bf76-7a3478cd7dd4
140625,Benelax Sabor Ciruela x 30 Sobres,https://www.farmaloop.cl/products/benelax-sabor-ciruela-x-30-sobres-140625/,false,Suplementos y Vitaminas,Suplementos,,,0,Venta directa (Sin receta),NUTRAPHARM,,Sobre,benelax,BENELAX,9d922c9e-3e42-4334-b29e-fb6da4452094
117954,Sl.Betacaroteno Cap.31,https://www.farmaloop.cl/products/slbetacaroteno-cap31-117954/,false,Suplementos y Vitaminas,Vitaminas y Minerales,,,0,Venta directa (Sin receta),MUNNICH PHARMA MEDICAL LIMITADA,,Unidad,,Betacaroteno,d37a4001-7d9c-456f-aed0-b2ec2865bc7c
138940,"Bion BB x 5,1 g Suspensión Oleosa En Gotas",https://www.farmaloop.cl/products/bion-bb-x-51-g-suspension-oleosa-en-gotas-138940/,true,Suplementos y Vitaminas,Vitaminas y Minerales,21990,22945,1,Venta directa (Sin receta),MERCK S.A.,,100 g,bifidobacterium lactis,Bifidobacterium Lactis,35bfacd2-fdbd-4a57-bc3b-d52841c4ba2b
16071,Muno x 30 Comprimidos,https://www.farmaloop.cl/products/muno-x-30-comprimidos-16071/,true,Suplementos y Vitaminas,Vitaminas y Minerales,16990,22999,6,Venta directa (Sin receta),AXON PHARMA SPA,,Comprimido,bifidobacterium lactis bl-04 | lactobacillus rhamnosus gg | vitamina c | vitamina d | lactitol monohidrato | xilitol | sorbitol | fructooligosacaridos | saborizante cereza natural | monogliceridos y digliceridos de acidos grasos | carmin | glucosido de esteviol,"Bifidobacterium Lactis Bl-04,Lactobacillus Rhamnosus Gg,Vitamina C,Vitamina D,Lactitol Monohidrato,Xilitol,Sorbitol,Fructooligosacaridos,Saborizante Cereza Natural,Monogliceridos Y Digliceridos De Acidos Grasos,Carmin,Glucosido De Esteviol",3759842c-a8d9-4a31-a84a-7722a42289b4
140639,Biotina + Zinc + Q10 x 20 tabletas efervescentes (German Energy),https://www.farmaloop.cl/products/biotina-zinc-q10-x-20-tabletas-efervescentes-german-energy-140639/,true,Suplementos y Vitaminas,Vitaminas y Minerales,3400,4290,10,Venta directa (Sin receta),SOC MEDICA IMPORTADORA Y COMERCIALIZADORA BIOPLUS SPA,,Tableta,biotina,BIOTINA,f71b2e02-751b-444a-a2ab-e0bc77e63c46
120744,Hvit Biotina 150 mcg 400 Comprimidos,https://www.farmaloop.cl/products/hvit-x-400-comprimidos-120744/,true,Suplementos y Vitaminas,Suplementos,16230,20290,2,Venta directa (Sin receta),LABORATORIO MEGALABS CHILE S.A.,,Comprimido,biotina,Biotina,18d42fde-856e-47ae-8203-04eb0e7a7e49
140314,Nutrapharm Biotina 150 mcg x 90 Cápsulas,https://www.farmaloop.cl/products/nutrapharm-biotina-150-mcg-x-90-capsulas-140314/,true,Suplementos y Vitaminas,Vitaminas y Minerales,5500,8990,8,Venta directa (Sin receta),NUTRAPHARM,,Capsula,biotina 150 mcg,Biotina,18d42fde-856e-47ae-8203-04eb0e7a7e49
139954,Biotina Ultra 120 cápsulas Aura Vitalis,https://www.farmaloop.cl/products/biotina-ultra-120-capsulas-aura-vitalis-139954/,false,Suplementos y Vitaminas,Suplementos,,,0,Venta directa (Sin receta),SIN COMPAÑIA,,Capsula,biotina 300 mcg | colageno hidrolizado | vitamina e | vitamina b1 | b2 | b3 | b5 | b6 | b12 | zinc.,"Biotina 300 mcg,, Colágeno Hidrolizado, Vitamina E, Vitamina B1, B2, B3, B5, B6, B12, zINC.",ca051d14-b94b-4387-b4b7-eb6b105e4570
140696,"Hidroferol Calcifediol 0,266 mg x 3 Capsulas Blandas",https://www.farmaloop.cl/products/hidroferol-calcifediol-0266-mg-x-3-capsulas-blandas-140696/,true,Suplementos y Vitaminas,Suplementos,24890,30990,5,Venta directa (Sin receta),FAES FARMA,,Capsula,calcifediol,Calcifediol,3efcad8d-36cc-4f64-aebf-a9ea73086ffd
61941,Sanotact Calcio + Vitamina D + Magnesio x 15 Comprimidos Efervescentes,https://www.farmaloop.cl/products/sanotact-calcio-vitamina-d-magnesio-x-15-comprimidos-efervescentes-61941/,true,Suplementos y Vitaminas,Vitaminas y Minerales,1500,2690,0,Venta directa (Sin receta),SOC MEDICA IMPORTADORA Y COMERCIALIZADORA BIOPLUS SPA,,Comprimido,,"Calcio,Magnesio,Calciferol (Vitamina D)",406582d0-abcb-4d76-9798-9193df1a39c5
138887,Pluscal x 30 Comprimidos,https://www.farmaloop.cl/products/pluscal-x-30-comprimidos-138887/,true,Suplementos y Vitaminas,Suplementos,24190,27490,3,Venta directa (Sin receta),LABORATORIO PASTEUR S.A.,,Comprimido,,"Calcio,Vitamina D3",ea5ce871-d733-4706-bfdb-dfc49bb2fde7
96701,Pluscal x 30 Comprimidos,https://www.farmaloop.cl/products/pluscal-x-30-comprimidos-96701/,false,Suplementos y Vitaminas,Suplementos,,,0,Venta directa (Sin receta),LABORATORIO PASTEUR S.A.,,Unidad,,"Calcio,Vitamina D3",ea5ce871-d733-4706-bfdb-dfc49bb2fde7
106927,Caldeval (500mg Ca++/400Ui Vitamina D),https://www.farmaloop.cl/products/caldeval-500mg-ca400ui-vitamina-d-106927/,true,Suplementos y Vitaminas,Suplementos,,,0,Presentación receta médica,LABORATORIOS SAVAL S A,,Comprimido,calcio | vitamina d3,"Calcio,Vitamina D3",ea5ce871-d733-4706-bfdb-dfc49bb2fde7
91168,Calcefor D x 60 Comprimidos,https://www.farmaloop.cl/products/calcefor-d-x-60-comprimidos-91168/,false,Suplementos y Vitaminas,Suplementos,,,0,Venta directa (Sin receta),LABORATORIO CHILE S A,,Capsula,,"Calcio,Vitamina D3",ea5ce871-d733-4706-bfdb-dfc49bb2fde7
91101,Calcefor D x 30 Comprimidos,https://www.farmaloop.cl/products/calcefor-d-x-30-comprimidos-91101/,false,Suplementos y Vitaminas,Suplementos,,,0,Venta directa (Sin receta),LABORATORIO CHILE S A,,Capsula,,"Calcio,Vitamina D3",ea5ce871-d733-4706-bfdb-dfc49bb2fde7
55422,Calcimax D3 Comprimidos,https://www.farmaloop.cl/products/calcimax-d3-comprimidos-55422/,false,Suplementos y Vitaminas,Suplementos,,,0,Venta directa (Sin receta),Gadorpharma SpA,,Comprimido,,"Calcio,Vitamina D3",ea5ce871-d733-4706-bfdb-dfc49bb2fde7
91147,Calcefor D Forte x 60 Comprimidos,https://www.farmaloop.cl/products/calcefor-d-forte-x-60-comprimidos-91147/,false,Suplementos y Vitaminas,Suplementos,,,0,Venta directa (Sin receta),DEUTSCHE PHARMA S.A.,,Capsula,,"Calcio,Vitamina D3",ea5ce871-d733-4706-bfdb-dfc49bb2fde7
126301,Calcefor D Forte x 30 Comprimidos,https://www.farmaloop.cl/products/calcefor-d-forte-x-30-comprimidos-126301/,false,Suplementos y Vitaminas,Vitaminas y Minerales,,,0,Venta directa (Sin receta),PRODUCTOS FARMACEUTICOS MEDIPHARM SPA,,Capsula,,"Calcio,Vitamina D3",ea5ce871-d733-4706-bfdb-dfc49bb2fde7
105877,"Caleobrol Calcitriol 0,25 Mcg",https://www.farmaloop.cl/products/caleobrol-calcitriol-025-mcg-105877/,false,Suplementos y Vitaminas,Vitaminas y Minerales,,,0,Presentación receta médica,LABORATORIOS RECALCINE SA,,Capsula,,Calcitriol,d4aeda74-3532-4859-a3a3-e2b059b32b8e
128922,"Rocaltrol Calcitriol 0,50Mcg",https://www.farmaloop.cl/products/rocaltrol-calcitriol-050mcg-128922/,true,Suplementos y Vitaminas,Vitaminas y Minerales,,,0,Presentación receta médica,ROCHE CHILE LIMITADA,,Capsula,calcitriol,Calcitriol,d4aeda74-3532-4859-a3a3-e2b059b32b8e
140321,Resvenox x 60 Capsulas,https://www.farmaloop.cl/products/resvenox-x-60-capsulas-140321/,true,Suplementos y Vitaminas,Suplementos,8990,12990,1,Venta directa (Sin receta),NUTRAPHARM,,Capsula,capsulas,Cápsulas,bb140ec8-11bc-44e2-bf22-1925612cbfec
139965,Cartilago D6 Knop x 50 Comprimidos,https://www.farmaloop.cl/products/cartilago-d6-knop-x-50-comprimidos-139965/,true,Suplementos y Vitaminas,Suplementos,,,0,Venta directa (Sin receta),KNOP LABORATORIOS S.A.,,Comprimido,cartilago d4 (2 mg),Cartílago D4 (2 mg),2e5980c3-ee16-45cb-9e05-ef7d05f199d7
139969,Centella Chitosan Aura Vitalis 60 Cápsulas,https://www.farmaloop.cl/products/centella-chitosan-aura-vitalis-60-capsulas-139969/,true,Suplementos y Vitaminas,Vitaminas y Minerales,,,0,Venta directa (Sin receta),SIN ASIGNACION,,Capsula,centella chitosan,Centella Chitosan ,e969012e-5d1b-4036-bcf0-869fcd27447a
139485,Neurobionta x 20 Comprimidos,https://www.farmaloop.cl/products/neurobionta-x-20-comprimidos-139485/,false,Suplementos y Vitaminas,Vitaminas y Minerales,,,0,Venta directa (Sin receta),MERCK S.A.,,Comprimido,cianocobalamina (vitamina b12) | piridoxina (vitamina b6) | tiamina (vitamina b1),"Cianocobalamina (Vitamina B12),Piridoxina (Vitamina B6),Tiamina (Vitamina B1)",854eea9b-7962-4c05-b692-066f408a53f9
139002,Neurobion DC 10000 x 3 Jeringas Prellenadas Doble Camara,https://www.farmaloop.cl/products/neurobion-dc-10000-x-3-jeringas-prellenadas-doble-camara-139002/,true,Suplementos y Vitaminas,Vitaminas y Minerales,21990,23990,6,Presentación receta médica,MERCK S.A.,,Unidad,cianocobalamina (vitamina b12) | piridoxina (vitamina b6) | tiamina (vitamina b1),"Cianocobalamina (Vitamina B12),Piridoxina (Vitamina B6),Tiamina (Vitamina B1)",854eea9b-7962-4c05-b692-066f408a53f9
86429,Vitaminas B1 B6 B12 x 3 Ampollas,https://www.farmaloop.cl/products/vitaminas-b1-b6-b12-x-3-ampollas-86429/,false,Suplementos y Vitaminas,Vitaminas,,,0,Venta directa (Sin receta),LAB.BIOSANO S.A.,,Ampolla,cianocobalamina | tiamina | piridoxina,"Cianocobalamina,Tiamina,Piridoxina",bcdde77f-f981-4a97-87b2-fe234e1bc673
140795,Citrato de Magnesio 500 mg x 60 Cápsulas,https://www.farmaloop.cl/products/citrato-de-magnesio-500-mg-x-60-capsulas-140795/,false,Suplementos y Vitaminas,Suplementos,5630,0,0,Venta directa (Sin receta),LABORATORIO GREEN MEDICAL,,Capsula,citrato de magnesio 500 mg,Citrato de Magnesio,7c74355b-b4ae-4b2e-9350-f229a33b8212
138646,CLORURO DE MAGNESIO CAP X 90 (SUPLALIM),https://www.farmaloop.cl/products/cloruro-de-magnesio-500-mg-x-90-capsulas-138646/,true,Suplementos y Vitaminas,Suplementos,,,0,Venta directa (Sin receta),SUPLALIM LTDA,,Capsula,,Cloruro De Magnesio,9a252092-dd08-4b06-93a8-482cd1101012
140246,Cloruro De Magnesio x 30g (Quimnatura),https://www.farmaloop.cl/products/cloruro-de-magnesio-x-30g-quimnatura-140246/,true,Suplementos y Vitaminas,Suplementos,500,990,2,Venta directa (Sin receta),SIN COMPAÑIA,,100 g,cloruro de margnesio,Cloruro de margnesio,cfd84631-e442-4f48-bc67-834cbb6d707e
16356,Ringer Lactato,https://www.farmaloop.cl/products/ringer-lactato-16356/,true,Medicamentos,Suplementos,,,0,Venta directa (Sin receta),B.BRAUN MEDICAL SPA,,100 ml,cloruro de sodio | cloruro de potasio | lactato de sodio | calcio cloruro,"Cloruro De Sodio,Cloruro De Potasio,Lactato De Sodio,Calcio Cloruro",05a3617e-ca71-4a85-a887-6c27d10e9b75
139812,Vitamina B12 x 100 Comprimidos Masticables,https://www.farmaloop.cl/products/vitamina-b12-x-100-comprimidos-masticables-139812/,true,Suplementos y Vitaminas,Vitaminas y Minerales,7990,10990,11,Venta directa (Sin receta),NUTRAPHARM,,Comprimido,cobalamina (vitamina b12),Cobalamina (Vitamina B12),b7fb97e5-ce55-4dc9-a093-ed1acd3f4f66
15093,Qten x 60 Capsulas,https://www.farmaloop.cl/products/qten-x-60-capsulas-15093/,false,Suplementos y Vitaminas,Vitaminas y Minerales,,,0,Venta directa (Sin receta),ARAMA NATURAL PRODUCTS DISTRIBUIDORA LIMITADA,,Capsula,coenzima q10 | colageno,Coenzima Q10 + Colágeno,fb9cc02b-7d07-47f9-9ae9-3cfc27713582
91388,Cartilar Polvo x 30 Sachet 10 Gramos,https://www.farmaloop.cl/products/cartilar-polvo-x-30-sachet-10-gramos-91388/,false,Suplementos y Vitaminas,Suplementos,,,0,Venta directa (Sin receta),LABORATORIO CHILE S A,,Unidad,,Colageno Hidrolizado,555d04fc-40b6-4550-a00d-f0285e0ec3b2
90444,Colnatur Complex 11,https://www.farmaloop.cl/products/colnatur-complex-11-90444/,false,Suplementos y Vitaminas,Suplementos,,,0,Venta directa (Sin receta),LABORATORIO BAGO DE CHILE S.A.,,Unidad,,Colageno Hidrolizado,555d04fc-40b6-4550-a00d-f0285e0ec3b2
90443,Colnatur Neutro,https://www.farmaloop.cl/products/colnatur-neutro-90443/,false,Suplementos y Vitaminas,Suplementos,,,0,Venta directa (Sin receta),LABORATORIO BAGO DE CHILE S.A.,,Unidad,,Colageno Hidrolizado,555d04fc-40b6-4550-a00d-f0285e0ec3b2
96669,Gelicol Colageno Hidrolizado x 30 Sobres,https://www.farmaloop.cl/products/gelicol-colageno-hidrolizado-x-30-sobres-96669/,false,Suplementos y Vitaminas,Suplementos,,,0,Venta directa (Sin receta),LABORATORIO PASTEUR S.A.,,Sobre,,Colageno Hidrolizado,555d04fc-40b6-4550-a00d-f0285e0ec3b2
139781,ColageDEN 500 mg x 90 Capsulas,https://www.farmaloop.cl/products/colageden-500-mg-x-90-capsulas-139781/,false,Suplementos y Vitaminas,Suplementos,,,0,Venta directa (Sin receta),VITAL AND YOUNG,,Capsula,colageno hidrolizado | acido ascorbico (vitamina c),"Colageno Hidrolizado,Acido Ascorbico (Vitamina C)",a1e8eb67-0c74-437b-8ddd-e3e01f5da014
140764,Beautip 7gr x 30 sachet,https://www.farmaloop.cl/products/beautip-7gr-x-30-sachet-140764/,false,Suplementos y Vitaminas,Suplementos,,,7,Venta directa (Sin receta),OPKO CHILE S.A.,,Sobre,colageno 5000 mg | maqui 400 mg | coenzima q10 15 mg | rosa mosqueta 200 mg | ac.ascorbico(vitamina c) 60 mg,"COLAGENO, MAQUI, COENZIMA Q10, ROSA MOSQUETA",9cc6eacd-262a-4c72-94cf-9fe7ae82ab2b
140591,Vitamina D 800 UI Sunvit 90 Tabletas,https://www.farmaloop.cl/products/vitamina-d-800-ui-x-90-capsula-sunvit-140591/,true,Suplementos y Vitaminas,Vitaminas y Minerales,,,0,Venta directa (Sin receta),SOC. COM. NLS NUTRALINE SUPLEMENT LTDA.,,Capsula,colecalciferol,Colecalciferol,6d4e1152-c40c-450d-99dd-2539faf30c43
140621,VITDE 800 UI/4 GOTAS X 10 ML,https://www.farmaloop.cl/products/vitde-gotas-200uigota-10-ml-140621/,true,Suplementos y Vitaminas,Vitaminas y Minerales,15800,18590,11,Venta directa (Sin receta),LABORATORIO PASTEUR S.A.,,100 ml,colecalciferol,Colecalciferol,6d4e1152-c40c-450d-99dd-2539faf30c43
150168,Osteodyn 100.000 UI Solución Oral x 2ml,https://www.farmaloop.cl/products/osteodyn-100000-ui-solucion-oral-x-2ml-150168/,true,Suplementos y Vitaminas,Vitaminas y Minerales,12890,15990,6,Presentación receta médica,LABORATORIO BAGO DE CHILE S.A.,,Unidad,colecalciferol,Colecalciferol,6d4e1152-c40c-450d-99dd-2539faf30c43
15090,Hlp-B x 90 Caps,https://www.farmaloop.cl/products/hlpb-x-90-caps-15090/,false,Suplementos y Vitaminas,Vitaminas y Minerales,,,0,Venta directa (Sin receta),ARAMA NATURAL PRODUCTS DISTRIBUIDORA LIMITADA,,Capsula,complejo b,Complejo B,5c7ac5a4-5e62-40a5-9035-c33d9796e6bb
121196,Easylife Bcomplex,https://www.farmaloop.cl/products/easylife-bcomplex-121196/,false,Suplementos y Vitaminas,Vitaminas y Minerales,,,0,Venta directa (Sin receta),PHARMARIS CHILE SPA,,Unidad,complejo b,Complejo B,5c7ac5a4-5e62-40a5-9035-c33d9796e6bb
83039,Condrosulf 800 mg x 30 Comprimidos,https://www.farmaloop.cl/products/condrosulf-800-mg-x-30-comprimidos-83039/,false,Suplementos y Vitaminas,Suplementos,,,0,Presentación receta médica,ITF-LABOMED FARMACEUTICA LTDA.,,Comprimido,,Condroitina,4bbbe6fb-c6db-4b99-acaf-ee53af946df0
99683,Finartrit x 30 Sobres,https://www.farmaloop.cl/products/finartrit-x-30-sobres-99683/,true,Suplementos y Vitaminas,Suplementos,22990,35590,7,Venta directa (Sin receta),LABORATORIO MEGALABS CHILE S.A.,,Sobre,condroitina | glucosamina,"Condroitina,Glucosamina",eea91674-989e-42a0-8bac-f59f675c9cb8
91159,Artridol Duo Forte Polvo P/Sol.Oral,https://www.farmaloop.cl/products/artridol-duo-forte-polvo-psoloral-91159/,false,Suplementos y Vitaminas,Suplementos,,,0,Venta directa (Sin receta),LABORATORIO CHILE S A,,Sobre,,"Condroitina,Glucosamina",eea91674-989e-42a0-8bac-f59f675c9cb8
99829,Finartrit Forte 60 Comprimidos,https://www.farmaloop.cl/products/finartrit-forte-x-60-comprimidos-99829/,true,Suplementos y Vitaminas,Suplementos,21230,26540,5,Venta directa (Sin receta),LABORATORIO MEGALABS CHILE S.A.,,Comprimido,,"Condroitina,Glucosamina",eea91674-989e-42a0-8bac-f59f675c9cb8
91141,Artridol Duo Glucosamina C/Condroitina S,https://www.farmaloop.cl/products/artridol-duo-glucosamina-ccondroitina-s-91141/,false,Suplementos y Vitaminas,Suplementos,,,0,Venta directa (Sin receta),LABORATORIO CHILE S A,,Capsula,,"Condroitina,Glucosamina",eea91674-989e-42a0-8bac-f59f675c9cb8
99718,Finartrit Forte x 60 Comprimidos,https://www.farmaloop.cl/products/finartrit-forte-x-60-comprimidos-99718/,false,Suplementos y Vitaminas,Suplementos,,,0,Venta directa (Sin receta),LABORATORIO MEGALABS CHILE S.A.,,Comprimido,,"Condroitina,Glucosamina",eea91674-989e-42a0-8bac-f59f675c9cb8
140324,Urifem Cranberry x 60 Capsulas,https://www.farmaloop.cl/products/urifem-cranberry-x-60-capsulas-140324/,true,Suplementos y Vitaminas,Suplementos,15190,18990,2,Venta directa (Sin receta),NUTRAPHARM,,Capsula,cranberry,Cranberry,021ea960-1591-4a10-8908-1a6d150bcbc2
140323,Urifem x 60 Capsulas,https://www.farmaloop.cl/products/urifem-x-60-capsulas-140323/,false,Suplementos y Vitaminas,Suplementos,,,0,Venta directa (Sin receta),NUTRAPHARM,,Capsula,cranberry,Cranberry,021ea960-1591-4a10-8908-1a6d150bcbc2
140748,Cranberry Concentrate x 90 (VitaminLife),https://www.farmaloop.cl/products/cranberry-concentrate-x-90-vitaminlife-140748/,true,Suplementos y Vitaminas,Suplementos,,,0,Venta directa (Sin receta),,,Capsula,cranberry | vitamina c y vitamina e.,"Cranberry, Vitamina C y Vitamina E.",8a831100-e075-4869-893f-e3e0deb01e97
97529,Glucosalino Isotonico 2.5%,https://www.farmaloop.cl/products/glucosalino-isotonico-25-97529/,true,Medicamentos,Suplementos,,,0,Venta directa (Sin receta),LABORATORIO SANDERSON SA,,100 ml,dextrosa | cloruro de sodio,"Dextrosa,Cloruro De Sodio",b8197a01-78a1-4ffa-98dd-4760f27867dc
86032,Dha Mathern Caja x 30 Capsulas,https://www.farmaloop.cl/products/dha-mathern-caja-x-30-capsulas-86032/,false,Suplementos y Vitaminas,Suplementos,,,0,Venta directa (Sin receta),KNOP LABORATORIOS S.A.,,Unidad,,Dha,ba0dac2f-0cd8-4435-8617-16a875788b94
105260,Prenamin Natal DHA x 30 Cápsulas,https://www.farmaloop.cl/products/prenamin-natal-dha-x-30-capsulas-105260/,true,Suplementos y Vitaminas,Vitaminas y Minerales,,,0,Venta directa (Sin receta),LABORATORIOS RECALCINE SA,,Cápsula,multivitaminico | omega 3,Dha,ba0dac2f-0cd8-4435-8617-16a875788b94
83138,Nerval Capsulas,https://www.farmaloop.cl/products/nerval-capsulas-83138/,false,Suplementos y Vitaminas,Vitaminas y Minerales,,,0,Venta directa (Sin receta),ITF-LABOMED FARMACEUTICA LTDA.,,Unidad,,Dha,ba0dac2f-0cd8-4435-8617-16a875788b94
86022,Dha Kids Omega 3 Inteligente,https://www.farmaloop.cl/products/dha-kids-omega-3-inteligente-86022/,false,Suplementos y Vitaminas,Suplementos,,,0,Venta directa (Sin receta),KNOP LABORATORIOS S.A.,,Unidad,,Dha,ba0dac2f-0cd8-4435-8617-16a875788b94
107627,Artrizona Diacereina 50 mg,https://www.farmaloop.cl/products/artrizona-diacereina-50-mg-107627/,false,Suplementos y Vitaminas,Suplementos,,,0,Presentación receta médica,LABORATORIOS SILESIA SA,,Capsula,,Diacereina,d53fa802-4dd3-4594-a21c-6a28762e8cc4
110502,SpringLife Vitamiana E 400 UI x 30 Capsulas,https://www.farmaloop.cl/products/springlife-vitamiana-e-400-ui-x-30-capsulas-110502/,false,Suplementos y Vitaminas,Vitaminas y Minerales,,,0,Venta directa (Sin receta),MEDICAL INTERNATIONAL LABORATORIES CORPORATION S.A.,,Capsula,dl-alfatocoferolacetato (vitamina e),Dl-Alfatocoferolacetato (Vitamina E),1f6e7b19-a4b4-4ce4-9318-93fc059256c8
83057,Doxium 500 mg Por 30 Capsulas.,https://www.farmaloop.cl/products/doxium-500-mg-por-30-capsulas-83057/,false,Suplementos y Vitaminas,Suplementos,,,0,Presentación receta médica,ITF-LABOMED FARMACEUTICA LTDA.,,Capsula,,Dobesilato De Calcio,fe1db731-1529-4717-8cec-f91714e75d31
83061,Doxium 500 mg Dobesilato De Calcio,https://www.farmaloop.cl/products/doxium-500-mg-dobesilato-de-calcio-83061/,false,Suplementos y Vitaminas,Suplementos,,,0,Presentación receta médica,ITF-LABOMED FARMACEUTICA LTDA.,,Capsula,,Dobesilato De Calcio,fe1db731-1529-4717-8cec-f91714e75d31
86555,Efedrina Sulfato 6% Ampolla x 100 Ampollas,https://www.farmaloop.cl/products/efedrina-sulfato-6-ampolla-x-100-ampollas-86555/,false,Medicamentos,Suplementos,,,0,Presentación receta médica,LAB.BIOSANO S.A.,,Ampolla,efedrina 6 %,Efedrina,d5789bea-3f1d-4ed8-8b85-ac48120f8565
95629,Diavital Lactasa x 60 Comprimidos,https://www.farmaloop.cl/products/diavital-lactasa-x-60-comprimidos-95629/,true,Suplementos y Vitaminas,Suplementos,16950,21190,2,Venta directa (Sin receta),LABORATORIO MAVER S.A,DIAVITAL,Comprimido,enzima lactasa,Enzima Lactasa,8a60146f-2feb-4543-9243-3648ab0d542a
139808,Vitamina D3 x 60 Comprimidos,https://www.farmaloop.cl/products/vitamina-d3-x-60-comprimidos-139808/,false,Suplementos y Vitaminas,Vitaminas,,,0,Venta directa (Sin receta),SIN COMPAÑIA,,Comprimido,,Ergocalciferol (Vitamina D3),29acd880-de3a-4ca0-8166-c9a567d113fa
139920,ARTERIALL PRESS X 60 CAPS AURA VITALIS,https://www.farmaloop.cl/products/arteriall-press-x-60-caps-aura-vitalis-139920/,false,Suplementos y Vitaminas,Suplementos,,,0,Venta directa (Sin receta),SIN COMPAÑIA,,Capsula,espino albar | olivo | algas marinas | muerdago | l-arginina | naranjo amargo.,"Espino Albar, olivo, algas marinas, muérdago, L-Arginina, naranjo amargo.",5b3553d6-b3ab-46b6-8eef-ad96de309252
138679,Regularity 775 mg x 90 Capsulas,https://www.farmaloop.cl/products/regularity-775-mg-x-90-capsulas-138679/,false,Suplementos y Vitaminas,Suplementos,,,0,Venta directa (Sin receta),VITAL AND YOUNG,,Capsula,fibra vegetal insoluble salvia hispanica l. | magnesio natural,"Fibra Vegetal Insoluble Salvia Hispanica L.,Magnesio Natural",64e7061f-4367-4f20-9f65-5d2d1fb2cb42
140137,Ginkomax 80 Mg X 30 Capsulas,https://www.farmaloop.cl/products/ginkomax-80-mg-x-30-capsulas-140137/,true,Suplementos y Vitaminas,Suplementos,5000,8290,0,Venta directa (Sin receta),LABORATORIO MEGALABS CHILE S.A.,,100 g,ginkgo biloba (extracto seco estandarizado de hojas),Ginkgo Biloba (Extracto Seco estandarizado de Hojas),3f870f81-c818-4cea-bf85-20c637bcac0b
139780,Zinc 15 mg x 30 Comprimidos,https://www.farmaloop.cl/products/zinc-15-mg-x-30-comprimidos-139780/,false,Suplementos y Vitaminas,Suplementos,,,0,Presentación receta médica,SUPLALIM LTDA,,Comprimido,gluconato de zinc,Gluconato De Zinc,c533f8c9-2c52-4b5a-8666-8b7abb301659
96546,Calcium Pasteur 10% Granulado,https://www.farmaloop.cl/products/calcium-pasteur-10-granulado-96546/,false,Suplementos y Vitaminas,Suplementos,,,0,Presentación receta médica,LABORATORIO PASTEUR S.A.,,100 g,,Gluconolactato De Calcio,95477c70-46f9-4d46-900f-23e9ce0bcd8a
97908,Glucosa x 75 gr,https://www.farmaloop.cl/products/glucosa-x-75-gr-97908/,false,Suplementos y Vitaminas,Suplementos,,,4,Venta directa (Sin receta),LABORATORIO VALMA LIMITADA,,Unidad,glucosa,Glucosa,0b7c4f1c-d896-440a-b836-5989cb583b5e
97522,Glucosa (Dextrosa) 5%,https://www.farmaloop.cl/products/glucosa-dextrosa-5-97522/,true,Medicamentos,Suplementos,,,0,Venta directa (Sin receta),LABORATORIO SANDERSON SA,,100 ml,glucosa,Glucosa,0b7c4f1c-d896-440a-b836-5989cb583b5e
150292,Glucosa 5% x 1000ml ,https://www.farmaloop.cl/products/glucosa-5-x-1000ml-150292/,true,Medicamentos,Suplementos,,,0,Presentación receta médica,B.BRAUN MEDICAL SPA,,Unidad,,Glucosa,0b7c4f1c-d896-440a-b836-5989cb583b5e
106232,Hiperflex K Forte x 60 Comprimidos,https://www.farmaloop.cl/products/hiperflex-k-forte-x-60-comprimidos-106232/,false,Suplementos y Vitaminas,Suplementos,,,0,Venta directa (Sin receta),LABORATORIOS RECALCINE SA,,Comprimido,,"Glucosamina,Condroitina",5517536d-8083-4667-89e3-3b083d04f82b
15056,Artrosol 500/400 x 60 Comprimidos,https://www.farmaloop.cl/products/artrosol-500400-x-60-comprimidos-15056/,false,Suplementos y Vitaminas,Suplementos,,,0,Venta directa (Sin receta),ARAMA NATURAL PRODUCTS DISTRIBUIDORA LIMITADA,,Unidad,,"Glucosamina,Condroitina",5517536d-8083-4667-89e3-3b083d04f82b
99765,Finartrit Polvo Limon,https://www.farmaloop.cl/products/finartrit-polvo-limon-99765/,false,Suplementos y Vitaminas,Suplementos,,,0,Venta directa (Sin receta),LABORATORIO MEGALABS CHILE S.A.,,Sobre,,"Glucosamina,Condroitina",5517536d-8083-4667-89e3-3b083d04f82b
140386,Finartrit Glucosamina 500 mg 60 Comprimidos,https://www.farmaloop.cl/products/finartrit-glucosamina-500-mg-60-comprimidos-140386/,true,Suplementos y Vitaminas,Suplementos,14950,16990,6,Venta directa (Sin receta),LABORATORIO MEGALABS CHILE S.A.,,Comprimido,glucosamina | condroitina,"Glucosamina,Condroitina",5517536d-8083-4667-89e3-3b083d04f82b
105867,Hiperflex UD x 35 Sobres,https://www.farmaloop.cl/products/hiperflex-ud-x-35-sobres-105867/,false,Suplementos y Vitaminas,Suplementos,,,0,Venta directa (Sin receta),LABORATORIOS RECALCINE SA,,Sobre,,"Glucosamina,Condroitina",5517536d-8083-4667-89e3-3b083d04f82b
99694,Finartrit x 251 Comprimidos,https://www.farmaloop.cl/products/finartrit-x-251-comprimidos-99694/,false,Suplementos y Vitaminas,Suplementos,,,0,Venta directa (Sin receta),LABORATORIO MEGALABS CHILE S.A.,,Unidad,,"Glucosamina,Condroitina",5517536d-8083-4667-89e3-3b083d04f82b
106230,Hiperflex K x 30 Comprimidos,https://www.farmaloop.cl/products/hiperflex-k-x-30-comprimidos-106230/,false,Suplementos y Vitaminas,Suplementos,,,0,Venta directa (Sin receta),LABORATORIOS RECALCINE SA,,Unidad,,"Glucosamina,Condroitina",5517536d-8083-4667-89e3-3b083d04f82b
90046,Eniflex Duo 750 mg,https://www.farmaloop.cl/products/eniflex-duo-750-mg-90046/,false,Suplementos y Vitaminas,Suplementos,,,0,Venta directa (Sin receta),LABORATORIO BAGO DE CHILE S.A.,,Comprimido,,"Glucosamina,Condroitina",5517536d-8083-4667-89e3-3b083d04f82b
140316,Es3 x 60 Comprimidos,https://www.farmaloop.cl/products/es3-x-60-comprimidos-140316/,true,Suplementos y Vitaminas,Suplementos,5000,12990,0,Venta directa (Sin receta),NUTRAPHARM,,Comprimido,goma de acacia | concentrado de manzanilla | sorbitol | camellia sinensis (fuente natural de l-teanina) | citrus sinensis | almidon de maiz | concentrado de toronjil | povidona | sales de acidos grasos (con base de magnesio) | dioxido de silicio | puede contener trazas de soya | leche | gluten,"Goma De Acacia,Concentrado De Manzanilla,Sorbitol,Camellia Sinensis (Fuente Natural De L-Teanina),Citrus Sinensis,Almidon De Maiz,Concentrado De Toronjil,Povidona,Sales De Acidos Grasos (Con Base De Magnesio),Dioxido De Silicio,Puede contener Trazas De Soya,Leche,Gluten",de2bb32e-d5c4-4ee6-bc44-a8ae2d2cb1d3
85984,Variplex x 60 Comprimidos,https://www.farmaloop.cl/products/variplex-x-60-comprimidos-85984/,true,Suplementos y Vitaminas,Suplementos,13160,16450,1,Venta directa (Sin receta),KNOP LABORATORIOS S.A.,,Comprimido,hamamelis | castano de indias | bursa pastoris,"Hamamelis,Castaño De Indias,Bursa Pastoris",f990e0ff-1951-4b26-b75d-f2d592d1dd84
131500,Vedipal 450 mg/50 mg x 30 Comprimidos,https://www.farmaloop.cl/products/vedipal-450-mg50-mg-x-30-comprimidos-131500/,true,Suplementos y Vitaminas,Suplementos,39990,46895,1,Presentación receta médica,TECNOFARMA S.A.,,Comprimido,diosmina 450 mg | hesperidina 50 mg,"Hesperidina,Diosmina",f482ed35-fc14-487b-8ea9-91ad9f0596c6
101277,Dipemina Fraciones Flanovoides 500mgx60,https://www.farmaloop.cl/products/dipemina-fraciones-flanovoides-500mgx60-101277/,false,Suplementos y Vitaminas,Suplementos,,,0,Presentación receta médica,LABORATORIOS RAFFO S.A.,,Comprimido,hesperidina | diosmina,"Hesperidina,Diosmina",f482ed35-fc14-487b-8ea9-91ad9f0596c6
54584,Daflon 500 mg,https://www.farmaloop.cl/products/daflon-500-mg-54584/,false,Suplementos y Vitaminas,Suplementos,,,0,Venta directa (Sin receta),FERRER CHILE S.A.,,Unidad,,"Hesperidina,Diosmina,Citrobioflavonoides",021b45b3-5758-455e-9a39-faea01a972b5
106844,Tol 12 Forte x 20 Capsulas,https://www.farmaloop.cl/products/tol-12-forte-x-20-capsulas-106844/,true,Suplementos y Vitaminas,Vitaminas y Minerales,16950,21190,6,Presentación receta médica,LABORATORIOS SAVAL S A,,Capsula,hidroxicobalamina acetato (vitamina b12) | piridoxina clorhidrato (vitamina b6) | tiamina clorhidrato (vitamina b1),"Hidroxicobalamina Acetato (Vitamina B12),Piridoxina Clorhidrato (Vitamina B6),Tiamina Clorhidrato (Vitamina B1)",b7ee1d46-21b9-486c-8e2f-b23a3ac01b39
107065,Tol 12 Forte 10000 UI x 3 Ampollas Solución Inyectable,https://www.farmaloop.cl/products/tol-12-forte-10000-ui-x-3-ampollas-solucion-inyectable-107065/,true,Suplementos y Vitaminas,Vitaminas y Minerales,7990,8990,11,Presentación receta médica,LABORATORIOS SAVAL S A,,Ampolla,hidroxicobalamina acetato (vitamina b12) | piridoxina clorhidrato (vitamina b6) | tiamina clorhidrato (vitamina b1),"Hidroxicobalamina Acetato (Vitamina B12),Piridoxina Clorhidrato (Vitamina B6),Tiamina Clorhidrato (Vitamina B1)",b7ee1d46-21b9-486c-8e2f-b23a3ac01b39
46984,Eritrofer Hierro Gotas 20 ml,https://www.farmaloop.cl/products/eritrofer-gotas-20-ml-46984/,true,Suplementos y Vitaminas,Vitaminas y Minerales,4990,16590,0,Venta directa (Sin receta),DEUTSCHE PHARMA S.A.,,Unidad,,Hierro,6089169d-db38-49c7-bc96-f8fa14f4b671
140097,Cheltin IV Hierro 100 mg 6 Ampollas,https://www.farmaloop.cl/products/cheltin-iv-hierro-100-mg-6-ampollas-140097/,true,Suplementos y Vitaminas,Suplementos,,,0,Presentación receta médica,LABORATORIO MEGALABS CHILE S.A.,,100 g,hierro,Hierro,6089169d-db38-49c7-bc96-f8fa14f4b671
46985,Eritrofer Hierro 30 Comprimidos Recubiertos,https://www.farmaloop.cl/products/eritrofer-100-mg-x-30-comprimidos-46985/,true,Suplementos y Vitaminas,Vitaminas y Minerales,10050,21890,0,Venta directa (Sin receta),DEUTSCHE PHARMA S.A.,ERITROFER,Comprimido,hierro,Hierro,6089169d-db38-49c7-bc96-f8fa14f4b671
140536,Sulfato Ferroso Heptahidrato 125 Mg/ML X 30 ML Solucion Oral Para Gotas,https://www.farmaloop.cl/products/sulfato-ferroso-heptahidrato-125-mgml-x-30-ml-solucion-oral-para-gotas-140536/,false,Suplementos y Vitaminas,Suplementos,,,0,Venta directa (Sin receta),BPH S.A.,,100 ml,hierro sulfato,Hierro Sulfato,25be514c-1e19-4002-961f-341614a33f67
140593,Fersitol D 30 Sobres,https://www.farmaloop.cl/products/fersitol-d-x-30-sobres-140593/,true,Suplementos y Vitaminas,Suplementos,25990,32590,4,Venta directa (Sin receta),ITF-LABOMED FARMACEUTICA LTDA.,,Sobre,inositol | acido folico,Inositol; Acido Fólico ,458a70e3-9111-4f94-87f1-582917a91515
139917,Apivit Energy x 30 Capsulas,https://www.farmaloop.cl/products/apivit-energy-x-30-capsulas-139917/,false,Suplementos y Vitaminas,Suplementos,,,0,Venta directa (Sin receta),NUTRAPHARM,,Capsula,jalea real | ginseng siberiano (eleutherococcus senticosus) | l-taurina y 11 vitaminas.,"Jalea Real, Ginseng siberiano (Eleutherococcus senticosus), L-taurina y 11 vitaminas.",ab49d2be-9bf8-4262-99b5-11181cbe6837
138680,"Apivit Niño Propóleo, Jalea Real, VitC, 30 Comprimidos Masticables",https://www.farmaloop.cl/products/apivit-nino-x-30-comprimidos-138680/,true,Suplementos y Vitaminas,Vitaminas y Minerales,3190,3990,3,Venta directa (Sin receta),NUTRAPHARM,,Comprimido,,"Jalea Real,Propoleo,Ac.Ascorbico (Vitamina C)",9074c025-b0f8-4557-90cd-894b5ced9933
139419,"Apivit Adulto, Jalea Real Vitamina C, 30 Comprimidos Masticables",https://www.farmaloop.cl/products/apivit-adulto-x-30-comprimidos-139419/,true,Suplementos y Vitaminas,Vitaminas y Minerales,3190,3990,7,Venta directa (Sin receta),NUTRAPHARM,,Comprimido,,"Jalea Real,Propoleo,Ac.Ascorbico (Vitamina C)",9074c025-b0f8-4557-90cd-894b5ced9933
138855,Vantux Max 60 Cápsulas,https://www.farmaloop.cl/products/vantux-max-x-60-capsulas-138855/,true,Suplementos y Vitaminas,Suplementos,20990,21990,0,Venta directa (Sin receta),LABORATORIO MEGALABS CHILE S.A.,,Cápsula,l-metionina | l-cisteina | quelato de zinc | biotina (vitamina h) | pantoenato de calcio,"L-Metionina,L-Cisteina,Quelato De Zinc,Biotina (Vitamina H),Pantoenato De Calcio",ebd52f21-1c1e-4a43-9bb9-7e897b830463
140531,Vantux x 30 comprimidos,https://www.farmaloop.cl/products/vantux-x-30-comprimidos-140531/,true,Suplementos y Vitaminas,Vitaminas y Minerales,,,35,Venta directa (Sin receta),LABORATORIO MEGALABS CHILE S.A.,,Comprimido,l-metionina | l-cisteina | quelato de zinc | biotina | pantoenato de calcio. excipientes,"L-metionina; L-cisteína; Quelato de Zinc, Biotina, Pantoenato de Calcio. Excipientes",9f1fa2a5-2774-46d4-8f2b-b35c4d58ad96
61942,Lactasa x 75 comprimidos,https://www.farmaloop.cl/products/lactasa-x-75-comprimidos-61942/,false,Suplementos y Vitaminas,Suplementos,,,0,Venta directa (Sin receta),SOC MEDICA IMPORTADORA Y COMERCIALIZADORA BIOPLUS SPA,,Comprimido,,Lactasa,091900d2-b396-471c-b5ca-2c1cca9fd843
138603,Bion 3 Senior x 30 Comprimidos,https://www.farmaloop.cl/products/bion-3-senior-x-30-comprimidos-138603/,true,Suplementos y Vitaminas,Vitaminas y Minerales,15780,20490,0,Venta directa (Sin receta),MERCK S.A.,,Comprimido,lactobacillus gasseri | bifidobacterium bi fi dum mf | bifidobacterium longuma sp | iodo | hierro | zinc | selenio | cromo | manganeso | molibdeno | magnesio | calcio y fosforo | retinol (vitamina a) | tiamina (vitamina b1) | riboflavina (vitamiana b2) | nicotinamida (vi,"Lactobacillus Gasseri,Bifidobacterium Bi Fi Dum Mf,Bifidobacterium Longumâ Sp,Iodo,Hierro,Zinc,Selenio,Cromo,Manganeso,Molibdeno,Magnesio,Calcio Y Fósforo,Retinol (Vitamina A),Tiamina (Vitamina B1),Riboflavina (Vitamiana B2),Nicotinamida (Vi",96fcc97e-1d76-456f-b8be-9ccca2437838
139282,Levadura Cerveza 750 mg x 100 Comprimidos,https://www.farmaloop.cl/products/levadura-cerveza-750-mg-x-100-comprimidos-139282/,false,Suplementos y Vitaminas,Vitaminas,,,0,Venta directa (Sin receta),ARAMA NATURAL PRODUCTS DISTRIBUIDORA LIMITADA,,Comprimido,,Levadura De Cerveza,bf59d630-91c5-4aa6-852a-f17e84b4da89
89508,Levadura De Cerveza Tabletas,https://www.farmaloop.cl/products/levadura-de-cerveza-tabletas-89508/,false,Suplementos y Vitaminas,Vitaminas,,,0,Venta directa (Sin receta),LAB.RECCIUS LTDA.,,Unidad,,Levadura de cerveza,d5b14510-2749-4063-8ded-248bcb9c9106
138653,Keranil x 30 Capsulas,https://www.farmaloop.cl/products/keranil-x-30-capsulas-138653/,false,Suplementos y Vitaminas,Vitaminas y Minerales,,,0,Venta directa (Sin receta),NUTRAPHARM,,Capsula,lipidos polares | miliacina vege-tal | zinc | vitamina b6 | biotina,"Lipidos Polares, Miliacina Vege-Tal, Zinc, Vitamina B6, Biotina",0539b434-8d70-4641-8c61-c3bedecfebae
140317,Keranil  30 Cápsulas,https://www.farmaloop.cl/products/keranil-x-30-capsulas-140317/,true,Suplementos y Vitaminas,Vitaminas y Minerales,14390,17990,3,Venta directa (Sin receta),NUTRAPHARM,,Cápsula,lipidos polares | vitamina b6 | biotina,Lípidos polares; Vitamina B6; Biotina ,25b969b4-cc70-43c0-ac51-f2d4621339e4
139870,Magnesio 400 mg Sunvit 30 Tabletas,https://www.farmaloop.cl/products/magnesio-400-mg-30-tabs-139870/,true,Suplementos y Vitaminas,Vitaminas y Minerales,,,0,Venta directa (Sin receta),SOC. COM. NLS NUTRALINE SUPLEMENT LTDA.,,Comprimido,magnesio,Magnesio,4760dd6b-1975-4187-9fa8-2ffec6367384
140318,Magnesio 400 mg 60 Comprimidos,https://www.farmaloop.cl/products/magnesio-400-mg-60-comprimidos-140318/,true,Suplementos y Vitaminas,Vitaminas y Minerales,5000,8990,12,Venta directa (Sin receta),NUTRAPHARM,,Comprimido,magnesio,Magnesio,4760dd6b-1975-4187-9fa8-2ffec6367384
131332,Mag-Tab Sr 85 mg 3 x 10Mrt,https://www.farmaloop.cl/products/magtab-sr-85-mg-3-x-10mrt-131332/,false,Suplementos y Vitaminas,Suplementos,,,0,Venta directa (Sin receta),SYNTHON CHILE LIMITADA,,Comprimido,,Magnesio L-Lactato,2ec19074-b994-4319-b9c5-8be47cce3316
126516,Nodepril Restore Brain 30 Cápsulas,https://www.farmaloop.cl/products/nodepril-restore-brain-x-30-capsulas-126516/,true,Suplementos y Vitaminas,Vitaminas y Minerales,20990,23490,4,Venta directa (Sin receta),PRODUCTOS FARMACÉUTICOS Y NUTRACÉUTICOS NEUROPHARMA LIMITADA,,Capsula,,"Magnesio,L-Triptofano,Piridoxina (Vitamina B6),Tocoferol (Vitamina E), Zinc, Folato",781080b3-8aef-4747-8ddc-ecc744165645
129965,"Magnesio + Complejo B Vitaenergy, 20 Tabletas Efervecentes",https://www.farmaloop.cl/products/magnesio-vitamina-b-129965/,true,Suplementos y Vitaminas,Suplementos,2060,3990,0,Venta directa (Sin receta),SOC MEDICA IMPORTADORA Y COMERCIALIZADORA BIOPLUS SPA,,Tabletas,magnesio | vitamina b,"Magnesio,Vitamina B",af44b5f4-cf47-4e81-a992-19f71e734fc4
140132,Magnesio + Complejo B x 20 Tabletas Efervescentes (German Energy),https://www.farmaloop.cl/products/magnesio-complejo-b-x-20-tabletas-efervescentes-german-energy-140132/,true,Suplementos y Vitaminas,Vitaminas y Minerales,3190,3990,0,Venta directa (Sin receta),SOC MEDICA IMPORTADORA Y COMERCIALIZADORA BIOPLUS SPA,GERMAN ENERGY,Tableta,magnesio | complejo b,Magnesio; Complejo B,bdffd877-12b3-4a7d-bbb8-b8621fcffd49
140095,Magnesio + Zinc X 20 Tabletas Efervescentes (German Energy),https://www.farmaloop.cl/products/magnesio-zinc-x-20-tabletas-efervescentes-german-energy-140095/,true,Suplementos y Vitaminas,Vitaminas y Minerales,3190,3990,4,Venta directa (Sin receta),SOC MEDICA IMPORTADORA Y COMERCIALIZADORA BIOPLUS SPA,,Tableta,magnesio | zinc,Magnesio; Zinc,a7607174-6dc6-4179-ad46-2c1f566a3cde
140604,Maqui 300mg x 60 Cápsulas,https://www.farmaloop.cl/products/maqui-300mg-x-60-capsulas-140604/,false,Suplementos y Vitaminas,Suplementos,,,0,Venta directa (Sin receta),SUPLALIM LTDA,,Capsula,maqui,Maqui,3f3d0741-6aaf-4d66-b065-7b9b745888d7
54516,Melatonina 3 mg x 30 Comprimidos,https://www.farmaloop.cl/products/melatonina-3-mg-x-30-comprimidos-54516/,false,Suplementos y Vitaminas,Suplementos,,,0,Venta directa (Sin receta),FARMACEUTICA ESAN LTDA.,,Capsula,,Melatonina,b42e10cf-8ea7-4f0b-bbdf-8b5ad8ef3588
116256,Melatonina 3 mg.,https://www.farmaloop.cl/products/melatonina-3-mg-116256/,false,Suplementos y Vitaminas,Suplementos,,,0,Venta directa (Sin receta),MUNNICH PHARMA MEDICAL LIMITADA,,Capsula,,Melatonina,b42e10cf-8ea7-4f0b-bbdf-8b5ad8ef3588
15062,Melatonina 3mg x 30 Cap,https://www.farmaloop.cl/products/melatonina-3mg-x-30-cap-15062/,false,Suplementos y Vitaminas,Suplementos,,,0,Venta directa (Sin receta),ARAMA NATURAL PRODUCTS DISTRIBUIDORA LIMITADA,,Capsula,,Melatonina,b42e10cf-8ea7-4f0b-bbdf-8b5ad8ef3588
139769,Colonsure x 150 g Polvo Para Solución Oral,https://www.farmaloop.cl/products/colonsure-x-150-g-polvo-para-solucion-oral-139769/,false,Suplementos y Vitaminas,Suplementos,,,0,Venta directa (Sin receta),NUTRAPHARM,,100 g,,"Melisa,Manzanilla,Hinojo,Anis Verde,L.Triptofano",49e4d40e-57b9-46b7-979e-faf6eac16f00
139036,Propoleo Con Miel x 10 Caramelos,https://www.farmaloop.cl/products/propoleo-con-miel-x-10-caramelos-139036/,false,Suplementos y Vitaminas,Suplementos,1000,1330,0,Venta directa (Sin receta),SUPLALIM LTDA,,Unidades,miel de abeja | propoleo,"Miel De Abeja,Propoleo",feebf4cf-542f-4c9d-887c-1f5946022924
139980,Cerebrum Adulto 200 Ml Jarabe De Miel,https://www.farmaloop.cl/products/cerebrum-adulto-200-ml-jarabe-de-miel-139980/,false,Suplementos y Vitaminas,Vitaminas y Minerales,,,0,Venta directa (Sin receta),SIN COMPAÑIA,,100 ml,miel de abejas | jarabe de maiz | lecitina de soya | avena | alfalfa | propilenglicol | acido ascorbico | acido citrico,"Miel de abejas, Jarabe de Maíz, Lecitina de Soya, Avena, Alfalfa, Propilenglicol, Acido Ascórbico, Acido Cítrico",ded358d1-90e4-449f-a658-17661c997b65
140051,Eucapol Adulto Jarabe 200 ml,https://www.farmaloop.cl/products/eucapol-adulto-jarabe-200-ml-140051/,false,Suplementos y Vitaminas,Suplementos,,,0,Venta directa (Sin receta),SIN COMPAÑIA,,100 ml,miel de abejas | jarabe de maiz | propoleo extracto | esencia de eucaliptus | acido citrico | acido ascorbico | propilenglicol.,"Miel de abejas, Jarabe de Maíz, Propóleo extracto, Esencia de Eucaliptus, Acido Cítrico, Acido Ascórbico, Propilenglicol.",6eaa28df-c4dd-4063-ad58-d61405cde07f
100856,Infor x 30 Comprimidos Recubiertos,https://www.farmaloop.cl/products/infor-x-30-comprimidos-recubiertos-100856/,true,Suplementos y Vitaminas,Vitaminas y Minerales,,,0,Venta directa (Sin receta),LABORATORIOS PRATER S A,,Comprimido,multivitaminas,Multivitaminas,6434a584-194d-4680-942c-5cfbdd83ebe9
140812,Shotvit Silver de 60 Comprimidos,https://www.farmaloop.cl/products/shotvit-silver-de-60-comprimidos-140812/,true,Suplementos y Vitaminas,Vitaminas y Minerales,,,0,Venta directa (Sin receta),EUROFARMA CHILE S.A.,,Comprimido,multivitaminas,Multivitaminas,6434a584-194d-4680-942c-5cfbdd83ebe9
140792,Fortotal Senior Multivitamínico Minerales Q-10 Arándanos x 60 Comprimidos,https://www.farmaloop.cl/products/fortotal-senior-multivitaminico-minerales-q10-arandanos-x-60-comprimidos-140792/,true,Suplementos y Vitaminas,Vitaminas y Minerales,,,0,Venta directa (Sin receta),MEDICAL INTERNATIONAL LABORATORIES CORPORATION S.A.,,Comprimido,multivitaminas y minerales,Multivitaminas y Minerales,083667a9-8ce0-4447-b67a-d17db74cd6fc
140793,Fortotal Mujer Multivitaminico x 60 Comprimidos,https://www.farmaloop.cl/products/fortotal-mujer-multivitaminico-x-60-comprimidos-140793/,true,Suplementos y Vitaminas,Vitaminas y Minerales,,,0,Venta directa (Sin receta),MEDICAL INTERNATIONAL LABORATORIES CORPORATION S.A.,,Comprimido,multivitaminas y minerales,Multivitaminas y Minerales,083667a9-8ce0-4447-b67a-d17db74cd6fc
110511,Fortotal Multi-V Mujer x 30 Comprimidos,https://www.farmaloop.cl/products/fortotal-multiv-mujer-x-30-comprimidos-110511/,true,Suplementos y Vitaminas,Vitaminas y Minerales,,,0,Venta directa (Sin receta),MEDICAL INTERNATIONAL LABORATORIES CORPORATION S.A.,,Comprimido,multivitaminas y minerales,Multivitaminas y Minerales,083667a9-8ce0-4447-b67a-d17db74cd6fc
140099,Mini Vitaminas x 20 Tabletas Efervescentes,https://www.farmaloop.cl/products/mini-vitaminas-x-20-tabletas-efervescentes-140099/,true,Suplementos y Vitaminas,Vitaminas y Minerales,,,0,Venta directa (Sin receta),SOC MEDICA IMPORTADORA Y COMERCIALIZADORA BIOPLUS SPA,SWISS ENERGY,Tableta,multivitaminas | calcio,Multivitaminas; Calcio,8a9f381b-3e40-46d3-be57-335b3b04c166
139871,Multi Women Multivitamínico Sunvit 60 Tabletas ,https://www.farmaloop.cl/products/multi-women-multivitaminico-x-60-tabletas-139871/,true,Suplementos y Vitaminas,Vitaminas y Minerales,12650,17990,3,Venta directa (Sin receta),SOC. COM. NLS NUTRALINE SUPLEMENT LTDA.,SUNVIT LIFE,Comprimido,multivitaminico,MULTIVITAMINICO,ab996f99-5c5e-4fec-a78d-3272a119ec9e
140319,Multivitamínico + Probióticos x 60 Comprimidos Masticables,https://www.farmaloop.cl/products/multivitaminico-probioticos-x-60-comprimidos-masticables-140319/,true,Suplementos y Vitaminas,Vitaminas y Minerales,,,0,Venta directa (Sin receta),NUTRAPHARM,,Comprimido,multivitaminico,Multivitaminico,75ef2591-cb14-4472-aea3-ea819583d55e
57063,Centrum Silver Tab Mujer x 61 Comprimidos,https://www.farmaloop.cl/products/centrum-silver-tab-mujer-x-61-comprimidos-57063/,false,Suplementos y Vitaminas,Vitaminas y Minerales,,,0,Venta directa (Sin receta),GLAXOSMITHKLINE CHILE FARMACEUTICA LIMITADA,,Unidad,multivitaminico,multivitamínico,4ad4f4ac-16fd-44ef-b68e-cca0a394058a
15091,Activ Plus x 90 Caps,https://www.farmaloop.cl/products/activ-plus-x-90-caps-15091/,true,Suplementos y Vitaminas,Vitaminas y Minerales,,,0,Venta directa (Sin receta),ARAMA NATURAL PRODUCTS DISTRIBUIDORA LIMITADA,,Capsula,multivitaminico,Multivitaminico,75ef2591-cb14-4472-aea3-ea819583d55e
110509,Fortotal Multi-V Hombre x 30 Comprimidos,https://www.farmaloop.cl/products/fortotal-multiv-hombre-x-30-comprimidos-110509/,false,Suplementos y Vitaminas,Vitaminas y Minerales,,,0,Venta directa (Sin receta),MEDICAL INTERNATIONAL LABORATORIES CORPORATION S.A.,,Comprimido,multivitaminico,Multivitaminico,75ef2591-cb14-4472-aea3-ea819583d55e
129966,Multivitaminico + Biotin,https://www.farmaloop.cl/products/multivitaminico-biotin-129966/,false,Suplementos y Vitaminas,Vitaminas,,,0,Venta directa (Sin receta),SOC MEDICA IMPORTADORA Y COMERCIALIZADORA BIOPLUS SPA,,Tableta,,Multivitaminico,75ef2591-cb14-4472-aea3-ea819583d55e
150255,Fortotal Multi-V Student x 120 Comprimidos Recubiertos ,https://www.farmaloop.cl/products/fortotal-multiv-student-x-120-comprimidos-recubiertos-150255/,false,Suplementos y Vitaminas,Vitaminas y Minerales,,,0,Venta directa (Sin receta),MEDICAL INTERNATIONAL LABORATORIES CORPORATION S.A.,,Comprimido,multivitaminico,Multivitaminico,75ef2591-cb14-4472-aea3-ea819583d55e
150256,Fortotal Multi-V Senior x 120 Comprimidos,https://www.farmaloop.cl/products/fortotal-multiv-senior-x-120-comprimidos-150256/,true,Suplementos y Vitaminas,Vitaminas y Minerales,,,32,Venta directa (Sin receta),MEDICAL INTERNATIONAL LABORATORIES CORPORATION S.A.,,Comprimido,multivitaminico,Multivitaminico,75ef2591-cb14-4472-aea3-ea819583d55e
150279,Multivitamínico One Daily x 100 Comprimidos,https://www.farmaloop.cl/products/multivitaminico-one-daily-x-100-comprimidos-150279/,false,Suplementos y Vitaminas,Vitaminas,,,0,Venta directa (Sin receta),MASTERBRANDS,,Comprimido,multivitaminico mg,Multivitaminico,75ef2591-cb14-4472-aea3-ea819583d55e
150280,Multivitamínico One Daily x 365 Tabletas,https://www.farmaloop.cl/products/multivitaminico-one-daily-x-365-tabletas-150280/,true,Suplementos y Vitaminas,Vitaminas y Minerales,,,0,Venta directa (Sin receta),MASTERBRANDS,,Tableta,multivitaminico 300 mg,Multivitaminico,75ef2591-cb14-4472-aea3-ea819583d55e
140705,Centrum Mini Multivitaminico 30 Comprimidos,https://www.farmaloop.cl/products/centrum-mini-x-30-comprimidos-140705/,true,Suplementos y Vitaminas,Vitaminas y Minerales,9990,12290,6,Venta directa (Sin receta),GLAXOSMITHKLINE CHILE FARMACEUTICA LIMITADA,,Comprimido,multivitaminico,Multivitamínico ,b8f0fb97-30ab-424d-9156-335a2a4d16c0
138481,Dvida D3 Vitamina D3 200 UI/GT Gotas 10 mL,https://www.farmaloop.cl/products/dvida-d3-vitamina-d3-200-uigt-gotas-10-ml-138481/,true,Suplementos y Vitaminas,Vitaminas y Minerales,19110,23890,8,Venta directa (Sin receta),LABORATORIOS ANDROMACO S A,,100 ml,niacinamida (vitamina d3) | esteres de poliglicerol interesterificados con acido ricinoleico | saborizante artificial | sucralosa | metilparabeno | acido sorbico | butilhidroxitolueno | propilparabeno | agua desmineralizada | glicerina,"Niacinamida (Vitamina D3),Esteres De Poliglicerol Interesterificados Con Acido Ricinoleico,Saborizante Artificial,Sucralosa,Metilparabeno,Acido Sorbico,Butilhidroxitolueno,Propilparabeno,Agua Desmineralizada,Glicerina",2f7b72d1-c223-4d47-bc0f-848f7cb30c45
48391,Nervoton Jarabe Complejo B,https://www.farmaloop.cl/products/nervoton-jarabe-complejo-b-48391/,false,Suplementos y Vitaminas,Vitaminas,,,0,Presentación receta médica,DROGUERIA FARMOQUIMICA DEL PACIFICO SPA,,100 ml,,"Nicotinamida,Cianocobalamina,Vitaminas B",bee2ab1a-baaf-4800-930a-69e31b5246bd
140359,Fortotal Active Multivitamínico + Minerales x 30 Cápsulas Blandas,https://www.farmaloop.cl/products/fortotal-active-multivitaminico-minerales-x-30-capsulas-blandas-140359/,true,Suplementos y Vitaminas,Vitaminas y Minerales,,,0,Venta directa (Sin receta),MEDICAL INTERNATIONAL LABORATORIES CORPORATION S.A.,,Cápsula,multivitaminico,No aplica,4c75ba9f-7c73-4fb8-82f1-3e19b92377fe
104138,Proteinex Polvo 275 G,https://www.farmaloop.cl/products/proteinex-polvo-275-g-104138/,false,Suplementos y Vitaminas,Suplementos,,,0,Venta directa (Sin receta),LABORATORIOS RECALCINE SA,,100 g,,No aplica,4c75ba9f-7c73-4fb8-82f1-3e19b92377fe
140424,Z-Zincovit Plus Suplemento Alimentario 30 Comprimidos Recubiertos,https://www.farmaloop.cl/products/zzincovit-plus-suplemento-alimentario-30-comprimidos-recubiertos-140424/,true,Suplementos y Vitaminas,Vitaminas y Minerales,,,0,Venta directa (Sin receta),ITF-LABOMED FARMACEUTICA LTDA.,,Comprimido,,no aplica,602de27e-0bb4-4329-ab26-6476d483b37d
140560,"QG5 Psidium Guajava 166,6 mg x 30 Comprimidos",https://www.farmaloop.cl/products/qg5-psidium-guajava-1666-mg-x-30-comprimidos-140560/,true,Suplementos y Vitaminas,Suplementos,13190,14990,1,Venta directa (Sin receta),GENOMMA LAB CHILE S.A.,,Comprimido,,No aplica,4c75ba9f-7c73-4fb8-82f1-3e19b92377fe
101221,Infortin Jarabe Kid Kal 170Ml,https://www.farmaloop.cl/products/infortin-jarabe-kid-kal-170ml-101221/,true,Suplementos y Vitaminas,Vitaminas y Minerales,,,0,Venta directa (Sin receta),LABORATORIOS PRATER S A,,100 ml,,No aplica,4c75ba9f-7c73-4fb8-82f1-3e19b92377fe
140385,Ketocal,https://www.farmaloop.cl/products/ketocal-140385/,false,Suplementos y Vitaminas,Suplementos,,,0,Venta directa (Sin receta),SIN COMPAÑIA,,Tarro,,No aplica,4c75ba9f-7c73-4fb8-82f1-3e19b92377fe
140473,ENTEREX RENAL X 237 ML,https://www.farmaloop.cl/products/enterex-renal-x-237-ml-140473/,false,Suplementos y Vitaminas,Suplementos,,,1,Venta directa (Sin receta),LABORATORIO MEGALABS CHILE S.A.,,100 ml,,No aplica,4c75ba9f-7c73-4fb8-82f1-3e19b92377fe
140350,Centrum Mujer Multivitaminico / Multimineral 30 Comprimidos Recubiertos,https://www.farmaloop.cl/products/centrum-mujer-multivitaminico-multimineral-30-comprimidos-recubiertos-140350/,false,Suplementos y Vitaminas,Vitaminas y Minerales,,,0,Venta directa (Sin receta),GLAXOSMITHKLINE CHILE FARMACEUTICA LIMITADA,,Comprimido,,No aplica,4c75ba9f-7c73-4fb8-82f1-3e19b92377fe
140436,Nat 100 250mg,https://www.farmaloop.cl/products/nat-100-250mg-140436/,false,Suplementos y Vitaminas,Suplementos,,,0,Venta directa (Sin receta),NESTLE CHILE SA,,Tarro,,No aplica,4c75ba9f-7c73-4fb8-82f1-3e19b92377fe
140335,Abintra 27 g,https://www.farmaloop.cl/products/abintra-27-g-140335/,false,Suplementos y Vitaminas,Suplementos,,,0,Venta directa (Sin receta),SIN COMPAÑIA,,100 g,,No Aplica,4d3af0f8-37bc-4a70-bcf9-0a299b46bb97
140186,Gintol 30 Cápsulas,https://www.farmaloop.cl/products/gintol-30-capsulas-140186/,true,Suplementos y Vitaminas,Suplementos,13570,21900,3,Venta directa (Sin receta),LABORATORIOS SAVAL S A,,Capsula,omega 3 | vitaminas | hierro | luteina | acido folico,Omega 3; Vitaminas; Hierro; Luteína; Acido Folico,4809ff89-04cd-412f-8710-4319aa7f3290
105187,Acevit x 30 ml Solución Oral Para Gotas,https://www.farmaloop.cl/products/acevit-x-30-ml-solucion-oral-para-gotas-105187/,true,Suplementos y Vitaminas,Vitaminas y Minerales,,,4,Presentación receta médica,LABORATORIOS RECALCINE SA,,100 ml,palmitato de retinol (vitamina a) | ergocalciferol (vitamina d2) | acido ascorbico (vitamina c),"Palmitato De Retinol (Vitamina A),Ergocalciferol (Vitamina D2),Ac.Ascorbico (Vitamina C)",56880ca4-9ef0-4d26-bad4-23fdc48cd72c
140192,Pepa de Calabaza 1000 mg x 30 comprimidos,https://www.farmaloop.cl/products/pepa-de-calabaza-1000-mg-x-30-comprimidos-140192/,false,Suplementos y Vitaminas,Suplementos,,,0,Venta directa (Sin receta),SUPLALIM LTDA,,Comprimido,pepa calabaza,Pepa Calabaza,497809f2-90a9-4e49-be59-89c9bb5d433d
150362,Pepa de Calabaza x 60 Capsulas Blandas,https://www.farmaloop.cl/products/pepa-de-calabaza-x-60-capsulas-blandas-150362/,false,Suplementos y Vitaminas,Suplementos,,,0,Venta directa (Sin receta),LABORATORIO SCL,,Cápsula,pepa calabaza,Pepa Calabaza,497809f2-90a9-4e49-be59-89c9bb5d433d
140213,Picoprep 2 Sobres (Sabor Naranja),https://www.farmaloop.cl/products/picoprep-2-sobres-sabor-naranja-140213/,false,Suplementos y Vitaminas,Suplementos,23900,28299,0,Presentación receta médica,FERRING PRODUCTOS FARMACEUTICOS Spa,,Sobre,picosulfato sodico | oxido de magnesio ligero | acido citrico anhidro,Picosulfato Sódico; Óxido de Magnesio Ligero; Ácido Cítrico Anhidro,2be3bd27-0798-4ff9-8ea7-ecbecbd67dd9
139820,Aminoxine Plus x 60 Capsulas,https://www.farmaloop.cl/products/aminoxine-plus-x-60-capsulas-139820/,true,Suplementos y Vitaminas,Vitaminas y Minerales,12890,15690,0,Venta directa (Sin receta),EUROFARMA CHILE S.A.,FARMADEL,Capsula,piridoxina (vitamina b6) | acido pantotenico (vitamina b5) | biotina (vitamina b7) | zinc | l-metionina | l-cisteina,"Piridoxina (Vitamina B6),Acido Pantotenico (Vitamina B5),Biotina (Vitamina B7),Zinc,L-Metionina,L-Cisteina",22c066d4-d2aa-4c85-823c-72f6df766534
140291,Propoleo Eucaliptus Caramelos X10 (Suplalim),https://www.farmaloop.cl/products/propoleo-eucaliptus-caramelos-x10-suplalim-140291/,false,Suplementos y Vitaminas,Suplementos,1000,1590,0,Venta directa (Sin receta),SUPLALIM LTDA,,Caramelo,propoleo,Propoleo,d97f3961-3802-4712-a497-8988ec4e1f76
127095,Propoleo- C Forte x 60 Cápsulas,https://www.farmaloop.cl/products/propoleo-capsulas-127095/,false,Suplementos y Vitaminas,Suplementos,,,0,Venta directa (Sin receta),SUPLALIM LTDA,,Cápsula,,Propoleo,d97f3961-3802-4712-a497-8988ec4e1f76
138678,SpinuChía 650 mg x 60 Capsulas,https://www.farmaloop.cl/products/spinuchia-650-mg-x-60-capsulas-138678/,false,Suplementos y Vitaminas,Suplementos,,,0,Venta directa (Sin receta),VITAL AND YOUNG,,Capsula,proteina microalga espirulina arthrospira maxima | fibra inulina soluble cichorium intybus | semilla de chia en polvo salvia hispanica l,"Proteina Microalga Espirulina Arthrospira Maxima,Fibra Inulina Soluble Cichorium Intybus, Semilla De Chia En Polvo Salvia Hispanica L",eeb4359e-3253-40a0-81e8-2c74b1e9c784
90422,Pilexil Cápsulas 50 unidades – tratamiento para la caída del cabello,https://www.farmaloop.cl/products/pilexil-capsulas-90422/,true,Suplementos y Vitaminas,Suplementos,21900,27390,1,Venta directa (Sin receta),LABORATORIO BAGO DE CHILE S.A.,,Unidad,,Proteinas,89782c68-00ad-478c-b9e5-a2d169c2b017
89515,Maltin Sopa De Malta,https://www.farmaloop.cl/products/maltin-sopa-de-malta-89515/,false,Suplementos y Vitaminas,Suplementos,,,0,Venta directa (Sin receta),LAB.RECCIUS LTDA.,,Unidad,,"Proteinas,Minerales,Maltosa,Glucosa,Dextrina",9d772470-b996-4c6a-b9f2-767730118d15
8210,Ensure Plus Vainilla Rpb x 220 ml,https://www.farmaloop.cl/products/ensure-plus-vainilla-rpb-x-220-ml-8210/,false,Suplementos y Vitaminas,Suplementos,,,0,Venta directa (Sin receta),ABBOTT LABORATORIES DE CHILE LTDA.,,Unidad,,"Proteinas,Minerales,Vitaminas",9121cf06-2a34-4bff-9d32-351fd6184ed7
104197,Ensoy Mini x 400 Chocolate,https://www.farmaloop.cl/products/ensoy-mini-x-400-chocolate-104197/,false,Suplementos y Vitaminas,Suplementos,,,0,Venta directa (Sin receta),LABORATORIOS RECALCINE SA,,Unidad,,"Proteinas,Vitaminas,Minerales",fe0c5e33-b2cc-42be-945a-2f24e7056701
104195,Ensoy Diabético x 400 Vainilla,https://www.farmaloop.cl/products/ensoy-diabetico-x-400-vainilla-104195/,false,Suplementos y Vitaminas,Suplementos,,,0,Venta directa (Sin receta),LABORATORIOS RECALCINE SA,,Unidad,,"Proteinas,Vitaminas,Minerales",fe0c5e33-b2cc-42be-945a-2f24e7056701
99674,Alim.P/Control Del Peso Sabor Chocolate,https://www.farmaloop.cl/products/alimpcontrol-del-peso-sabor-chocolate-99674/,false,Suplementos y Vitaminas,Vitaminas y Minerales,,,0,Venta directa (Sin receta),LABORATORIO MEGALABS CHILE S.A.,,Unidad,,"Proteinas,Vitaminas,Minerales",fe0c5e33-b2cc-42be-945a-2f24e7056701
104194,Ensoy Diabético x 400 Fresas,https://www.farmaloop.cl/products/ensoy-diabetico-x-400-fresas-104194/,false,Suplementos y Vitaminas,Suplementos,,,0,Venta directa (Sin receta),LABORATORIOS RECALCINE SA,,Unidad,,"Proteinas,Vitaminas,Minerales",fe0c5e33-b2cc-42be-945a-2f24e7056701
104201,Ensoy Adulto x 1000 Vainilla,https://www.farmaloop.cl/products/ensoy-adulto-x-1000-vainilla-104201/,false,Suplementos y Vitaminas,Suplementos,,,0,Venta directa (Sin receta),LABORATORIOS RECALCINE SA,,Unidad,,"Proteinas,Vitaminas,Minerales",fe0c5e33-b2cc-42be-945a-2f24e7056701
104198,Ensoy Mini x 400 Fresas,https://www.farmaloop.cl/products/ensoy-mini-x-400-fresas-104198/,false,Suplementos y Vitaminas,Suplementos,,,0,Venta directa (Sin receta),LABORATORIOS RECALCINE SA,,Unidad,,"Proteinas,Vitaminas,Minerales",fe0c5e33-b2cc-42be-945a-2f24e7056701
139868,CN Diabetic 400g,https://www.farmaloop.cl/products/cn-diabetic-400g-139868/,false,Suplementos y Vitaminas,Suplementos,,,0,Venta directa (Sin receta),GLOBAL FOODS SPA,,Frascos,proteinas | omega 3 | fibra,Proteinas;Omega 3;Fibra,ef40b342-5ae9-4d06-89d2-3676dcce56cb
138344,Natabec x 30 Capsulas,https://www.farmaloop.cl/products/natabec-x-30-capsulas-138344/,true,Suplementos y Vitaminas,Vitaminas y Minerales,,,0,Presentación receta médica,LABORATORIOS SILESIA SA,,Capsula,retinol(a) | ergocalciferol(d2) | tiamina(b1) | riboflavina(b2) | piridoxina(b6) | acido ascorbico (c) | nicotinamina(b3) | cianocobalamina(b12) | acido folico(b9) | mineral oil | rosado opaco | color carmin | titanio dioxido | azul opaco | color fd&c azul 1 | minerales,"Retinol(A),Ergocalciferol(D2),Tiamina(B1),Riboflavina(B2),Piridoxina(B6),Ac.Ascorbico (C),Nicotinamina(B3),Cianocobalamina(B12),Ac.Folico(B9),Mineral Oil,Rosado Opaco,Color Carmin,Titanio Dioxido,Azul Opaco,Color Fd&C Azul 1,Minerales",f18ae5b9-550b-406a-8fad-644a4abc16c0
139700,Centrum Hombre Multivitamínico 60 Comprimidos,https://www.farmaloop.cl/products/centrum-hombre-x-60-comprimidos-139700/,true,Suplementos y Vitaminas,Vitaminas y Minerales,16190,22095,3,Venta directa (Sin receta),GLAXOSMITHKLINE CHILE FARMACEUTICA LIMITADA,,Comprimido,retinol(vit a) | calciferol(vit d) | ac ascorbico(vit c) | alfatocoferol(vit e) | fitomenadiona(vit k) | tiamina(b1) | riboflavina(b2) | niacina(b3) | piridoxina(b6) | cianocobalamina(b12) | ac folico(b9) | ac pantotenico(b5) | biotina (vit h) | minerales segun rotulado,"Retinol(Vit A),Calciferol(Vit D),Ac Ascorbico(Vit C),Alfatocoferol(Vit E),Fitomenadiona(Vit K),Tiamina(B1),Riboflavina(B2),Niacina(B3),Piridoxina(B6),Cianocobalamina(B12),Ac Folico(B9),Ac Pantotenico(B5),Biotina (Vit H),Minerales Segun Rotulado",d4f8cd10-c93f-4442-a3a0-b07ddf293ae4
138559,Centrum Hombre Multivitamínico 30 Comprimidos,https://www.farmaloop.cl/products/centrum-hombre-x-30-comprimidos-138559/,true,Suplementos y Vitaminas,Vitaminas y Minerales,11990,16390,6,Venta directa (Sin receta),GLAXOSMITHKLINE CHILE FARMACEUTICA LIMITADA,,Comprimido,retinol(vit a) | calciferol(vit d) | ac ascorbico(vit c) | alfatocoferol(vit e) | fitomenadiona(vit k) | tiamina(b1) | riboflavina(b2) | niacina(b3) | piridoxina(b6) | cianocobalamina(b12) | ac folico(b9) | ac pantotenico(b5) | biotina (vit h) | minerales segun rotulado,"Retinol(Vit A),Calciferol(Vit D),Ac Ascorbico(Vit C),Alfatocoferol(Vit E),Fitomenadiona(Vit K),Tiamina(B1),Riboflavina(B2),Niacina(B3),Piridoxina(B6),Cianocobalamina(B12),Ac Folico(B9),Ac Pantotenico(B5),Biotina (Vit H),Minerales Segun Rotulado",d4f8cd10-c93f-4442-a3a0-b07ddf293ae4
138957,Centrum Mujer Multivitamínico 30 comprimidos,https://www.farmaloop.cl/products/centrum-mujer-x-30-comprimidos-138957/,true,Suplementos y Vitaminas,Vitaminas y Minerales,9990,17340,2,Venta directa (Sin receta),GLAXOSMITHKLINE CHILE FARMACEUTICA LIMITADA,,Comprimido,retinol(vit a) | calciferol(vit d) | alfatocoferol(vit e) | fitomenadiona(vit k) | ac ascorbico(vit c) | tiamina(b1) | riboflavina(b2) | niacina(b3) | piridoxina(b6) | cianocobalamina(b12) | ac folico(b9) | ac pantotenico(b5) | biotina(vit h) | minerales segun rotulado,"Retinol(Vit A),Calciferol(Vit D),Alfatocoferol(Vit E),Fitomenadiona(Vit K),Ac Ascorbico(Vit C),Tiamina(B1),Riboflavina(B2),Niacina(B3),Piridoxina(B6),Cianocobalamina(B12),Ac Folico(B9),Ac Pantotenico(B5),Biotina(Vit H),Minerales Segun Rotulado",96c0a769-a2b7-4709-8e31-68c8f7c467b0
138560,Centrum Mujer 60 Comprimidos,https://www.farmaloop.cl/products/centrum-mujer-x-60-comprimidos-138560/,true,Suplementos y Vitaminas,Vitaminas y Minerales,,,0,Venta directa (Sin receta),GLAXOSMITHKLINE CHILE FARMACEUTICA LIMITADA,,Comprimido,retinol(vit a) | calciferol(vit d) | alfatocoferol(vit e) | fitomenadiona(vit k) | ac ascorbico(vit c) | tiamina(b1) | riboflavina(b2) | niacina(b3) | piridoxina(b6) | cianocobalamina(b12) | ac folico(b9) | ac pantotenico(b5) | biotina(vit h) | minerales segun rotulado,"Retinol(Vit A),Calciferol(Vit D),Alfatocoferol(Vit E),Fitomenadiona(Vit K),Ac Ascorbico(Vit C),Tiamina(B1),Riboflavina(B2),Niacina(B3),Piridoxina(B6),Cianocobalamina(B12),Ac Folico(B9),Ac Pantotenico(B5),Biotina(Vit H),Minerales Segun Rotulado",96c0a769-a2b7-4709-8e31-68c8f7c467b0
139015,Multivitamínico Centrum Silver Hombre +50 Años 60 Comprimidos Recubiertos,https://www.farmaloop.cl/products/centrum-hombre-silver-x-60-comprimidos-139015/,true,Suplementos y Vitaminas,Vitaminas y Minerales,,,0,Venta directa (Sin receta),GLAXOSMITHKLINE CHILE FARMACEUTICA LIMITADA,,Comprimido,,"Retinol(Vit A),Calciferol(Vit D),Alfatocoferol(Vit E),Fitomenadiona(Vit K),Ac Ascorbico(Vit C),Tiamina(B1),Riboflavina(B2),Niacina(B3),Piridoxina(B6),Cianocobalamina(B12),Ac Folico(B9),Ac Pantotenico(B5),Biotina(Vitamina H),Minerales (Según Rotulado)",a01b2bd4-a99c-4477-8261-271e56c11348
139171,Centrum Silver Multivitamínico 60 Comprimidos,https://www.farmaloop.cl/products/centrum-silver-x-60-comprimidos-139171/,true,Suplementos y Vitaminas,Vitaminas y Minerales,,,0,Venta directa (Sin receta),GLAXOSMITHKLINE CHILE FARMACEUTICA LIMITADA,,Comprimido,,"Retinol(Vit A),Calciferol(Vit D),Alfatocoferol(Vit E),Fitomenadiona(Vit K),Ac Ascorbico(Vit C),Tiamina(B1),Riboflavina(B2),Niacina(B3),Piridoxina(B6),Cianocobalamina(B12),Ac Folico(B9),Ac Pantotenico(B5),Biotina(Vitamina H),Minerales (Según Rotulado)",a01b2bd4-a99c-4477-8261-271e56c11348
139016,Centrum Silver Mujer Multivitamínico 60 Comprimidos Recubiertos,https://www.farmaloop.cl/products/centrum-mujer-silver-x-60-comprimidos-139016/,true,Suplementos y Vitaminas,Vitaminas y Minerales,21990,27990,3,Venta directa (Sin receta),GLAXOSMITHKLINE CHILE FARMACEUTICA LIMITADA,,Comprimido,retinol(vit a) | calciferol(vit d) | alfatocoferol(vit e) | fitomenadiona(vit k) | ac ascorbico(vit c) | tiamina(b1) | riboflavina(b2) | niacina(b3) | piridoxina(b6) | cianocobalamina(b12) | ac folico(b9) | ac pantotenico(b5) | biotina(vitamina h) | minerales (segun rotulado),"Retinol(Vit A),Calciferol(Vit D),Alfatocoferol(Vit E),Fitomenadiona(Vit K),Ac Ascorbico(Vit C),Tiamina(B1),Riboflavina(B2),Niacina(B3),Piridoxina(B6),Cianocobalamina(B12),Ac Folico(B9),Ac Pantotenico(B5),Biotina(Vitamina H),Minerales (Según Rotulado)",a01b2bd4-a99c-4477-8261-271e56c11348
16955,Supradyn Prenatal x 30 Comprimidos,https://www.farmaloop.cl/products/supradyn-prenatal-x-30-comprimidos-16955/,true,Suplementos y Vitaminas,Vitaminas y Minerales,19800,24790,3,Presentación receta médica,BAYER S.A.,,Comprimido,retinol(vitamina a) | tiamina(vitamina b1) | riboflavina(vitamina b2) | piridoxina(vitamina b6) | cianocobalamina(vitamina b12) | acido ascorbico(vitamina c) | calciferol(vitaminad) | alfatocoferol(vitamina e) | nicotinamida(vitamina b3) | biotina(vitamina h) | calcio pantetonato | acido folico (vitamina b9) | calcio | hierro | magnesio | fosforo | cobre | manganeso | zinc,"Retinol(Vitamina A),Tiamina(Vitamina B1),Riboflavina(Vitamina B2),Piridoxina(Vitamina B6),Cianocobalamina(Vitamina B12),Ac.Ascorbico(Vitamina C),Calciferol(Vitaminad),Alfatocoferol(Vitamina E),Nicotinamida(Vitamina B3),Biotina(Vitamina H),Calcio Pantetonato,Ac.Folico (Vitamina B9),Calcio,Hierro,Magnesio,Fosforo,Cobre,Manganeso,Zinc",7142b7f4-1722-47a5-a709-9a65ca0a0283
97866,Sacarina 24 mg x 300 Tabletas,https://www.farmaloop.cl/products/sacarina-24-mg-x-300-tabletas-97866/,false,Suplementos y Vitaminas,Suplementos,,,0,Venta directa (Sin receta),LABORATORIO VALMA LIMITADA,,Comprimido,,Sacarina,05ed8bbe-2495-4935-bb10-adcd71466931
139921,ARTIFLAM 90 CAPS AURA VITALIS,https://www.farmaloop.cl/products/artiflam-90-caps-aura-vitalis-139921/,false,Suplementos y Vitaminas,Suplementos,,,0,Venta directa (Sin receta),SIN COMPAÑIA,,Capsula,sauce blanco | cartilago de tiburon | chuchuhuasi | curcuma | equisetum arvense,"Sauce Blanco, Cartílago de Tiburón, Chuchuhuasi, Cúrcuma, Equisetum Arvense",dae02104-2d23-474c-b445-9d265dcb2ec7
8135,Ensure Advance Chocolate x 237 ml,https://www.farmaloop.cl/products/ensure-advance-chocolate-x-237-ml-8135/,true,Suplementos y Vitaminas,Suplementos,,,0,Venta directa (Sin receta),ABBOTT LABORATORIES DE CHILE LTDA.,,100 ml,,Segun Rotulado,6baf2758-4e63-48a8-aef7-b8639a911104
139809,Multivitamínico + Probiótico Nutrapharm 60 Comprimidos,https://www.farmaloop.cl/products/multivitaminico-probiotico-x-60-comprimidos-139809/,true,Suplementos y Vitaminas,Vitaminas y Minerales,4990,7990,10,Venta directa (Sin receta),NUTRAPHARM,,Comprimido,probioticos 1 UI | multivitamínico 1 mg,Segun Rotulado,6baf2758-4e63-48a8-aef7-b8639a911104
140013,Nutrapharm Cranberry 60 Cápsulas,https://www.farmaloop.cl/products/nutrapharm-cranberry-x-60-capsulas-140013/,true,Suplementos y Vitaminas,Suplementos,8990,11990,15,Venta directa (Sin receta),NUTRAPHARM,,Capsula,,Según Rotulado,9b47f3f2-f14d-4f0d-99e4-89f3fa1fa6e6
140041,Enterex Karbs 150 g,https://www.farmaloop.cl/products/enterex-karbs-150-g-140041/,false,Suplementos y Vitaminas,Suplementos,,,0,Venta directa (Sin receta),SIN COMPAÑIA,,100 g,,Según Rotulado,9b47f3f2-f14d-4f0d-99e4-89f3fa1fa6e6
100906,Naturalist Stevia Gotas Endulzantes x 270 ml,https://www.farmaloop.cl/products/naturalist-stevia-gotas-endulzantes-x-270-ml-100906/,false,Suplementos y Vitaminas,Suplementos,,,0,Venta directa (Sin receta),LABORATORIOS PRATER S A,,100 ml,,Segun Rotulado,6baf2758-4e63-48a8-aef7-b8639a911104
138448,Daily Endulzante Stevia x 270 ml,https://www.farmaloop.cl/products/daily-endulzante-stevia-x-270-ml-138448/,false,Suplementos y Vitaminas,Suplementos,,,0,Venta directa (Sin receta),LABORATORIOS PRATER S A,,100 ml,,Segun Rotulado,6baf2758-4e63-48a8-aef7-b8639a911104
139111,Banatrol Plus Suplemento Nutricional Probiótico Sabor Banana 10.75g Sobre,https://www.farmaloop.cl/products/banatrol-plus-x-301-g-139111/,true,Suplementos y Vitaminas,Suplementos,,,0,Venta directa (Sin receta),SIN COMPAÑIA,,Sobre,,Segun Rotulado,6baf2758-4e63-48a8-aef7-b8639a911104
140568,Enterex Polvo Vainilla x 400 gr,https://www.farmaloop.cl/products/enterex-polvo-vainilla-x-400-gr-140568/,false,Suplementos y Vitaminas,Suplementos,,,0,Venta directa (Sin receta),LABORATORIO MEGALABS CHILE S.A.,,100 g,,Según rotulado,ac70b696-2f32-4a63-853c-16379521d61f
8229,Ensure Advance Vainilla x 850 g Polvo,https://www.farmaloop.cl/products/ensure-advance-vainilla-x-850-g-polvo-8229/,true,Suplementos y Vitaminas,Suplementos,30990,33890,1,Venta directa (Sin receta),ABBOTT LABORATORIES DE CHILE LTDA.,,100 g,,Segun Rotulado,6baf2758-4e63-48a8-aef7-b8639a911104
129397,Pharmaton x 30 Comprimidos,https://www.farmaloop.cl/products/pharmaton-x-30-comprimidos-129397/,false,Suplementos y Vitaminas,Vitaminas y Minerales,,,0,Venta directa (Sin receta),SANOFI-AVENTIS DE CHILE S.A.,,Comprimido,,Segun Rotulado,6baf2758-4e63-48a8-aef7-b8639a911104
8231,Ensure Vainilla x 850 g Polvo,https://www.farmaloop.cl/products/ensure-vainilla-x-850-g-polvo-8231/,true,Suplementos y Vitaminas,Suplementos,29490,32390,2,Venta directa (Sin receta),ABBOTT LABORATORIES DE CHILE LTDA.,,100 g,,Segun Rotulado,6baf2758-4e63-48a8-aef7-b8639a911104
83107,Naticare Pre x 30 Capsulas,https://www.farmaloop.cl/products/naticare-pre-x-30-capsulas-83107/,true,Suplementos y Vitaminas,Vitaminas,,,0,Venta directa (Sin receta),ITF-LABOMED FARMACEUTICA LTDA.,,Capsula,,Segun Rotulado,6baf2758-4e63-48a8-aef7-b8639a911104
125965,Heel-Kit 3 Frascos Gotas x 30 ml Solución Oral ,https://www.farmaloop.cl/products/heelkit-3-frascos-gotas-x-30-ml-solucion-oral-para-gotas-125965/,true,Suplementos y Vitaminas,Suplementos,,,2,Presentación receta médica,PRODUCTOS FARMACEUTICOS HEEL CHILE LIMITADA,,100 ml,,Segun Rotulado,6baf2758-4e63-48a8-aef7-b8639a911104
140513,Lacsure Suplemento Alimenticio En Polvo Sabor Vainilla 800 grs,https://www.farmaloop.cl/products/lacsure-suplemento-alimenticio-en-polvo-sabor-vainilla-800-grs-140513/,false,Suplementos y Vitaminas,Suplementos,,,0,Venta directa (Sin receta),OPKO CHILE S.A.,,100 g,,Según rotulado,ac70b696-2f32-4a63-853c-16379521d61f
140414,Vitakron Hombre X 30 Comprimidos Recubiertos,https://www.farmaloop.cl/products/vitakron-hombre-x-30-comprimidos-recubiertos-140414/,true,Suplementos y Vitaminas,Vitaminas y Minerales,,,0,Venta directa (Sin receta),INSTITUTO SANITAS S.A.,,Comprimido,,Según rotulado,ac70b696-2f32-4a63-853c-16379521d61f
140524,Celus C 30 Sobres,https://www.farmaloop.cl/products/celus-c-30-sobres-140524/,true,Suplementos y Vitaminas,Vitaminas y Minerales,,,0,Venta directa (Sin receta),LABORATORIO MEGALABS CHILE S.A.,,Sobre,,Según rotulado,ac70b696-2f32-4a63-853c-16379521d61f
140460,Calcio-Magnesio-Zinc-D3 Sunvit 90 Tabletas,https://www.farmaloop.cl/products/calcio-magnesio-zincvit-d3-sunvit-x-90-tabletas-140460/,true,Suplementos y Vitaminas,Vitaminas y Minerales,11490,13990,2,Venta directa (Sin receta),SOC. COM. NLS NUTRALINE SUPLEMENT LTDA.,,Tableta,,Según rotulado,ac70b696-2f32-4a63-853c-16379521d61f
139552,Vitamina C 1000 mg x 60 Cápsulas,https://www.farmaloop.cl/products/vitamina-c-1000-mg-x-100-comprimidos-139552/,true,Suplementos y Vitaminas,Vitaminas,,,0,Venta directa (Sin receta),LABORATORIO GREEN MEDICAL,,Cápsula,,Segun Rotulado,6baf2758-4e63-48a8-aef7-b8639a911104
140459,Multi Men Multivitamínico Sunvit 60 Tabletas,https://www.farmaloop.cl/products/multi-men-sunvit-multivitaminico-x-60-tabletas-140459/,true,Suplementos y Vitaminas,Vitaminas y Minerales,14390,17990,4,Venta directa (Sin receta),SOC. COM. NLS NUTRALINE SUPLEMENT LTDA.,,Tableta,,Según rotulado,ac70b696-2f32-4a63-853c-16379521d61f
138860,Daily Endulzante Sucralosa x 400 ml,https://www.farmaloop.cl/products/daily-endulzante-sucralosa-x-400-ml-138860/,false,Suplementos y Vitaminas,Suplementos,,,0,Venta directa (Sin receta),LABORATORIOS PRATER S A,,100 ml,,Segun Rotulado,6baf2758-4e63-48a8-aef7-b8639a911104
140040,Ensure Advance Frutilla x 850 g,https://www.farmaloop.cl/products/ensure-advance-frutilla-x-850-g-140040/,true,Suplementos y Vitaminas,Suplementos,,,0,Venta directa (Sin receta),ABBOTT LABORATORIES DE CHILE LTDA.,,100 g,,Segun Rotulado,6baf2758-4e63-48a8-aef7-b8639a911104
139449,NEPRO AP VAINILLA X 237 ML,https://www.farmaloop.cl/products/nepro-ap-vainilla-x-237-ml-139449/,false,Suplementos y Vitaminas,Suplementos,,,0,Venta directa (Sin receta),ABBOTT LABORATORIES DE CHILE LTDA.,,100 ml,,Segun Rotulado,6baf2758-4e63-48a8-aef7-b8639a911104
139461,Carnitine 500 Ultrapure x 60 Capsulas,https://www.farmaloop.cl/products/carnitine-500-ultrapure-x-60-capsulas-139461/,false,Suplementos y Vitaminas,Suplementos,,,0,Venta directa (Sin receta),SUPLALIM LTDA,,Cápsula,,Segun Rotulado,6baf2758-4e63-48a8-aef7-b8639a911104
8235,Ensure Chocolate x 850 g Polvo,https://www.farmaloop.cl/products/ensure-chocolate-x-850-g-polvo-8235/,false,Suplementos y Vitaminas,Suplementos,,,0,Venta directa (Sin receta),ABBOTT LABORATORIES DE CHILE LTDA.,,100 g,,Segun Rotulado,6baf2758-4e63-48a8-aef7-b8639a911104
140461,Vission Help x 60 Cápsulas,https://www.farmaloop.cl/products/vission-help-x-60-capsulas-140461/,true,Suplementos y Vitaminas,Suplementos,,,0,Venta directa (Sin receta),AURAVITALIS LAB,,Cápsula,suplemento alimentario,Según rotulado,ac70b696-2f32-4a63-853c-16379521d61f
140711,Ensure Advance sabor vainilla 220ml,https://www.farmaloop.cl/products/ensure-advance-chocolate-220-ml-140711/,true,Suplementos y Vitaminas,Suplementos,3200,3990,0,Venta directa (Sin receta),ABBOTT LABORATORIES DE CHILE LTDA.,,100 ml,,Segun Rotulado,6baf2758-4e63-48a8-aef7-b8639a911104
138749,Nessucar Complemento Alimenticio Tarro x 550 g,https://www.farmaloop.cl/products/nessucar-complemento-alimenticio-tarro-x-550-g-138749/,false,Suplementos y Vitaminas,Suplementos,,,0,Venta directa (Sin receta),NESTLE CHILE SA,,100 g,,Segun Rotulado,6baf2758-4e63-48a8-aef7-b8639a911104
100915,Endolce Stevia Gotas Endulzantes x 270 ml,https://www.farmaloop.cl/products/endolce-stevia-gotas-endulzantes-x-270-ml-100915/,false,Suplementos y Vitaminas,Suplementos,,,0,Venta directa (Sin receta),LABORATORIOS PRATER S A,,100 ml,,Segun Rotulado,6baf2758-4e63-48a8-aef7-b8639a911104
100845,Endolce Endulzante Sucralosa x 500 Tabletas,https://www.farmaloop.cl/products/endolce-endulzante-sucralosa-x-500-tabletas-100845/,false,Suplementos y Vitaminas,Suplementos,,,0,Venta directa (Sin receta),LABORATORIOS PRATER S A,,Unidad,,Segun Rotulado,6baf2758-4e63-48a8-aef7-b8639a911104
139196,Daily Endulzante Sucralosa x 270 ml,https://www.farmaloop.cl/products/daily-endulzante-sucralosa-x-270-ml-139196/,false,Suplementos y Vitaminas,Suplementos,,,0,Venta directa (Sin receta),LABORATORIOS PRATER S A,,100 ml,,Segun Rotulado,6baf2758-4e63-48a8-aef7-b8639a911104
8006,GlucernaShake 237 mL x 237 mL,https://www.farmaloop.cl/products/glucernashake-237-ml-x-237-ml-8006/,true,Suplementos y Vitaminas,Suplementos,,,1,Venta directa (Sin receta),ABBOTT LABORATORIES DE CHILE LTDA.,,100 ml,,Segun Rotulado,6baf2758-4e63-48a8-aef7-b8639a911104
140462,Vision tabs x 30 comprimidos – Knop Laboratorios,https://www.farmaloop.cl/products/vision-tabs-x-30-comprimidos-knop-laboratorios-140462/,true,Suplementos y Vitaminas,Vitaminas y Minerales,,,7,Venta directa (Sin receta),KNOP LABORATORIOS S.A.,,Comprimido,,según rotulado,b6a90532-55dd-49ad-92c7-0a5bf5e67583
140039,Ensure Advance Chocolate x 850 g,https://www.farmaloop.cl/products/ensure-advance-chocolate-x-850-g-140039/,true,Suplementos y Vitaminas,Suplementos,30990,33890,1,Venta directa (Sin receta),ABBOTT LABORATORIES DE CHILE LTDA.,,100 g,,Segun Rotulado,6baf2758-4e63-48a8-aef7-b8639a911104
8233,Ensure Frutilla x 850 g Polvo,https://www.farmaloop.cl/products/ensure-frutilla-x-850-g-polvo-8233/,false,Suplementos y Vitaminas,Suplementos,,,0,Venta directa (Sin receta),ABBOTT LABORATORIES DE CHILE LTDA.,,100 g,,Segun Rotulado,6baf2758-4e63-48a8-aef7-b8639a911104
140569,Enterex Frutilla x 400 gr,https://www.farmaloop.cl/products/enterex-frutilla-x-400-gr-140569/,false,Suplementos y Vitaminas,Suplementos,,,0,Venta directa (Sin receta),LABORATORIO MEGALABS CHILE S.A.,,100 g,,Según rotulado,ac70b696-2f32-4a63-853c-16379521d61f
150202,Qi Max vitamina  C x 30 Cápsulas (New Science),https://www.farmaloop.cl/products/qi-max-c-x-30-capsulas-new-science-150202/,true,Suplementos y Vitaminas,Suplementos,19780,21390,1,Venta directa (Sin receta),LABORATORIO NEWSCIENCE,NEWSCIENCE,Cápsula,,Según Rotulado,9b47f3f2-f14d-4f0d-99e4-89f3fa1fa6e6
150221,Vitamina C 1000 mg x 30 Cápsulas,https://www.farmaloop.cl/products/vitamina-c-1000-mg-x-30-capsulas-150221/,false,Suplementos y Vitaminas,Vitaminas,,,0,Venta directa (Sin receta),PRONAT LABS CHILE,,Cápsula,vitamina c 1000 mg,Según Rotulado,9b47f3f2-f14d-4f0d-99e4-89f3fa1fa6e6
150302,Anacaps Activ+ 30 Cápsulas,https://www.farmaloop.cl/products/ducray-anacaps-x-30-capsulas-pack-x-3-150302/,true,Suplementos y Vitaminas,Suplementos,13690,18690,0,Venta directa (Sin receta),PIERRE FABRE DERMO-COSMETIQUE CHILE LIMITADA,DUCRAY,Cápsula,,Según Rotulado,9b47f3f2-f14d-4f0d-99e4-89f3fa1fa6e6
150316,B-Complex x 90 Capsulas,https://www.farmaloop.cl/products/bcomplex-x-90-capsulas-150316/,false,Suplementos y Vitaminas,Vitaminas y Minerales,,,0,Venta directa (Sin receta),LABORATORIO SCL,,Cápsula,,Según Rotulado,9b47f3f2-f14d-4f0d-99e4-89f3fa1fa6e6
150321,Vitabion 3 x 30 Cápsulas ,https://www.farmaloop.cl/products/vitabion-3-x-30-capsulas-150321/,true,Suplementos y Vitaminas,Vitaminas y Minerales,,,0,Venta directa (Sin receta),LABORATORIO SCL,,Cápsula,suplemento alimentario,Según Rotulado,9b47f3f2-f14d-4f0d-99e4-89f3fa1fa6e6
150335,Vitamin D3 10 mcg/ 400 IU x 100 softgels,https://www.farmaloop.cl/products/vitamin-d3-10-mcg-400-iu-x-100-softgels-150335/,false,Suplementos y Vitaminas,Vitaminas,,,0,Venta directa (Sin receta),SOC. COM. NLS NUTRALINE SUPLEMENT LTDA.,SUNDOWN,Comprimido,,Según Rotulado,9b47f3f2-f14d-4f0d-99e4-89f3fa1fa6e6
150343,Enterex Plus x 237 gr.,https://www.farmaloop.cl/products/enterex-plus-x-237-gr-150343/,true,Suplementos y Vitaminas,Suplementos,,,0,Venta directa (Sin receta),LABORATORIO MEGALABS CHILE S.A.,ENTEREX,Unidad,,Según Rotulado,9b47f3f2-f14d-4f0d-99e4-89f3fa1fa6e6
150344,Enterex Leusyn-Pro x 275 gr.,https://www.farmaloop.cl/products/enterex-leusynpro-x-275-gr-150344/,true,Suplementos y Vitaminas,Suplementos,17470,22599,0,Venta directa (Sin receta),LABORATORIO MEGALABS CHILE S.A.,ENTEREX,Unidad,,Según Rotulado,9b47f3f2-f14d-4f0d-99e4-89f3fa1fa6e6
150346,Enterex Hepatic Vainilla x 110 gr,https://www.farmaloop.cl/products/enterex-hepatic-vainilla-x-110-gr-150346/,true,Suplementos y Vitaminas,Suplementos,,,0,Venta directa (Sin receta),LABORATORIO MEGALABS CHILE S.A.,ENTEREX,Sobre,,Según Rotulado,9b47f3f2-f14d-4f0d-99e4-89f3fa1fa6e6
150354,Mag-Tab SR x 30 Comprimidos LP,https://www.farmaloop.cl/products/magtab-sr-x-30-comprimidos-lp-150354/,false,Suplementos y Vitaminas,Vitaminas y Minerales,,,0,Venta directa (Sin receta),SYNTHON CHILE LIMITADA,,Comprimido,,Según Rotulado,9b47f3f2-f14d-4f0d-99e4-89f3fa1fa6e6
150355,Urogal x 30 Comprimidos,https://www.farmaloop.cl/products/urogal-x-30-comprimidos-150355/,false,Suplementos y Vitaminas,Vitaminas y Minerales,,,0,Venta directa (Sin receta),GALENICUM HEALTH CHILE SPA,,Comprimido,,Según Rotulado,9b47f3f2-f14d-4f0d-99e4-89f3fa1fa6e6
150359,Duermegal x 30 Capsulas,https://www.farmaloop.cl/products/duermegal-x-30-capsulas-150359/,false,Suplementos y Vitaminas,Suplementos,,,0,Venta directa (Sin receta),GALENICUM HEALTH CHILE SPA,,Cápsula,,Según Rotulado,9b47f3f2-f14d-4f0d-99e4-89f3fa1fa6e6
150360,Carduus marianus T.M. x 30mL,https://www.farmaloop.cl/products/carduus-marianus-tm-x-30ml-150360/,false,Suplementos y Vitaminas,Suplementos,,,0,Venta directa (Sin receta),POLANCO GONZALEZ LAURA XIMENA,,Unidad,,Según Rotulado,9b47f3f2-f14d-4f0d-99e4-89f3fa1fa6e6
150361,Colonogal x 60 Capsulas,https://www.farmaloop.cl/products/colonogal-x-60-capsulas-150361/,false,Suplementos y Vitaminas,Suplementos,,,0,Venta directa (Sin receta),GALENICUM HEALTH CHILE SPA,,Cápsula,,Según Rotulado,9b47f3f2-f14d-4f0d-99e4-89f3fa1fa6e6
150390,Neurobionta Advance 100/50/1 x 15 Comp. Recubiertos,https://www.farmaloop.cl/products/neurobionta-advance-100501-x-15-comp-recubiertos-150390/,false,Suplementos y Vitaminas,Vitaminas,,,0,Venta directa (Sin receta),PROCTER & GAMBLE CHILE LTDA.,,Comprimido,,Según Rotulado,9b47f3f2-f14d-4f0d-99e4-89f3fa1fa6e6
150391,Neurobionta Advance 100/50/1 x 30 Comp. Recubiertos,https://www.farmaloop.cl/products/neurobionta-advance-100501-x-30-comp-recubiertos-150391/,true,Suplementos y Vitaminas,Vitaminas y Minerales,19990,28990,11,Venta directa (Sin receta),PROCTER & GAMBLE CHILE LTDA.,,Comprimido,,Según Rotulado,9b47f3f2-f14d-4f0d-99e4-89f3fa1fa6e6
150409,Tributan (B1-B6-B12) 20 Cápsulas Blandas,https://www.farmaloop.cl/products/tributan-b1b6b12-x-20-capsulas-blandas-150409/,true,Suplementos y Vitaminas,Vitaminas y Minerales,7010,16090,0,Venta directa (Sin receta),OPKO CHILE S.A.,,Cápsula,,Según Rotulado,9b47f3f2-f14d-4f0d-99e4-89f3fa1fa6e6
16953,"Larotabe Betacaroteno, Vitaminas C y E Minerales Cu, Mn, Se y Zn 60 Cápsulas Blandas",https://www.farmaloop.cl/products/larotabe-betacaroteno-vitaminas-c-y-e-minerales-cu-mn-se-y-zn-60-capsulas-blandas-16953/,true,Suplementos y Vitaminas,Vitaminas y Minerales,24900,32440,0,Venta directa (Sin receta),BAYER S.A.,,Capsula,selenio | zinc | manganeso | vitamina e | cobre | vitamina c | betacaroteno,"Selenio,Zinc,Manganeso,Vitamina E,Cobre,Vitamina C,Betacaroteno",c66b00c0-9cfa-45d5-b896-dbd244829153
56971,Respira Mejor Sensible x 11 Unidades,https://www.farmaloop.cl/products/respira-mejor-sensible-x-11-unidades-56971/,false,Suplementos y Vitaminas,Suplementos,,,0,Venta directa (Sin receta),GLAXOSMITHKLINE CHILE FARMACEUTICA LIMITADA,,Unidad,,Sin P.Activo,e5eb45c0-520b-440c-9134-d2b235296482
16068,Asonor Sistema Nasal Antironquido,https://www.farmaloop.cl/products/asonor-sistema-nasal-antironquido-16068/,false,Suplementos y Vitaminas,Suplementos,,,0,Venta directa (Sin receta),AXON PHARMA SPA,,Unidad,,Sin P.Activo,e5eb45c0-520b-440c-9134-d2b235296482
42091,Genacol Derma Duo,https://www.farmaloop.cl/products/genacol-derma-duo-42091/,false,Suplementos y Vitaminas,Suplementos,,,0,Venta directa (Sin receta),COMERCIAL Y ASESORIAS LOS ULMOS LTDA.,,Unidad,,Sin P.Activo,e5eb45c0-520b-440c-9134-d2b235296482
125962,Lymphomyosot Gotas x 30 ml,https://www.farmaloop.cl/products/lymphomyosot-gotas-x-30-ml-125962/,true,Suplementos y Vitaminas,Suplementos,21000,26290,2,Venta directa (Sin receta),PRODUCTOS FARMACEUTICOS HEEL CHILE LIMITADA,,100 ml,,Sin P.Activo,e5eb45c0-520b-440c-9134-d2b235296482
125959,Lymphomyosot N x 5 Ampollas 2.3,https://www.farmaloop.cl/products/lymphomyosot-n-x-5-ampollas-23-125959/,true,Suplementos y Vitaminas,Suplementos,18250,24299,1,Presentación receta médica,PRODUCTOS FARMACEUTICOS HEEL CHILE LIMITADA,,Ampolla,,Sin P.Activo,e5eb45c0-520b-440c-9134-d2b235296482
85972,Bacalao Con Vitaminas Ayd Capsulas,https://www.farmaloop.cl/products/bacalao-con-vitaminas-ayd-capsulas-85972/,false,Suplementos y Vitaminas,Vitaminas y Minerales,,,0,Venta directa (Sin receta),KNOP LABORATORIOS S.A.,,Unidad,,Sin P.Activo,e5eb45c0-520b-440c-9134-d2b235296482
125956,Traumeel S Solución Inyectable x 5 Ampollas,https://www.farmaloop.cl/products/traumeel-s-solucion-inyectable-x-5-ampollas-125956/,false,Suplementos y Vitaminas,Suplementos,,,0,Presentación receta médica,PRODUCTOS FARMACEUTICOS HEEL CHILE LIMITADA,,Ampolla,,"Sin P.Activo,Hamamelis,Calendula,Arnica",33d5d734-3c3d-4440-9e03-564641af8bf5
125942,Traumeel Gotas Orales,https://www.farmaloop.cl/products/traumeel-gotas-orales-125942/,false,Suplementos y Vitaminas,Suplementos,,,0,Venta directa (Sin receta),PRODUCTOS FARMACEUTICOS HEEL CHILE LIMITADA,,100 ml,,"Sin P.Activo,Hamamelis,Calendula,Arnica",33d5d734-3c3d-4440-9e03-564641af8bf5
8217,Ensure Chocolate x 1 Unidad,https://www.farmaloop.cl/products/ensure-chocolate-x-1-unidad-8217/,false,Suplementos y Vitaminas,Suplementos,,,0,Venta directa (Sin receta),ABBOTT LABORATORIES DE CHILE LTDA.,,Unidad,,"Sin P.Activo,Proteinas,Minerales,Vitaminas",3ca7bb94-0d27-4b3e-87d4-eb206f00c404
93016,Vitamina E 400 Ui,https://www.farmaloop.cl/products/vitamina-e-400-ui-93016/,false,Suplementos y Vitaminas,Vitaminas y Minerales,,,0,Venta directa (Sin receta),LABORATORIO HOSPIFARMA CHILE LIMITADA,,Unidad,,"Sin P.Activo,Vitamina E",93df4581-c20e-43c1-933f-c6cc82077674
99044,Vitamina E 400 U.I.,https://www.farmaloop.cl/products/vitamina-e-400-ui-99044/,false,Suplementos y Vitaminas,Vitaminas y Minerales,,,0,Venta directa (Sin receta),LABORATORIOS ANDROMACO S A,,Unidad,,"Sin P.Activo,Vitamina E",93df4581-c20e-43c1-933f-c6cc82077674
16107,Vitamina E 400 U.I x 30 Capsulas,https://www.farmaloop.cl/products/vitamina-e-400-ui-x-30-capsulas-16107/,true,Suplementos y Vitaminas,Vitaminas,,,0,Venta directa (Sin receta),B Y B FARMACEUTICA LTDA,,Capsula,vitamina e,"Sin P.Activo,Vitamina E",93df4581-c20e-43c1-933f-c6cc82077674
110710,Vitamina E 400 U.I.,https://www.farmaloop.cl/products/vitamina-e-400-ui-110710/,false,Suplementos y Vitaminas,Vitaminas y Minerales,,,0,Venta directa (Sin receta),MEDICAL INTERNATIONAL LABORATORIES CORPORATION S.A.,,Unidad,,"Sin P.Activo,Vitamina E",93df4581-c20e-43c1-933f-c6cc82077674
86579,Fitomenadiona 10Mg.(Vitamina K) Ampolla,https://www.farmaloop.cl/products/fitomenadiona-10mgvitamina-k-ampolla-86579/,true,Medicamentos,Suplementos,,,0,Venta directa (Sin receta),LAB.BIOSANO S.A.,LAB.BIOSANO S.A.,Ampolla,,Sin principio activo,a86c5343-fcac-40d7-bb54-bc232467a834
86519,Cianocobalamina 0.1Mg.Ampolla,https://www.farmaloop.cl/products/cianocobalamina-01mgampolla-86519/,true,Medicamentos,Suplementos,,,0,Presentación receta médica,LAB.BIOSANO S.A.,,Ampolla,,Sin principio activo,a86c5343-fcac-40d7-bb54-bc232467a834
140322,Spirulina Premium Algae x 180 Cápsulas,https://www.farmaloop.cl/products/spirulina-premium-algae-x-180-capsulas-140322/,true,Suplementos y Vitaminas,Suplementos,9530,15990,0,Venta directa (Sin receta),NUTRAPHARM,,Capsula,spirulina,Spirulina,b7c0c459-64d8-4e7b-a06d-c1ceec36f540
139375,Spirulina 500 mg Sunvit 180 Comprimidos,https://www.farmaloop.cl/products/spirulina-500-mg-x-180-comprimidos-139375/,true,Suplementos y Vitaminas,Suplementos,14990,19990,5,Venta directa (Sin receta),SOC. COM. NLS NUTRALINE SUPLEMENT LTDA.,,Tableta,spirulina,Spirulina,b7c0c459-64d8-4e7b-a06d-c1ceec36f540
140617,Spirulina 30 Cápsulas Blandas,https://www.farmaloop.cl/products/spirulina-30-capsulas-blandas-140617/,true,Suplementos y Vitaminas,Suplementos,,,0,Venta directa (Sin receta),SUPLALIM LTDA,,Capsula,spirulina,Spirulina,b7c0c459-64d8-4e7b-a06d-c1ceec36f540
100914,Endolce Stevia 500 Tabletas,https://www.farmaloop.cl/products/endolce-stevia-500-tabletas-100914/,false,Suplementos y Vitaminas,Suplementos,,,0,Venta directa (Sin receta),LABORATORIOS PRATER S A,,Unidad,,Sucralosa,e2f8bd23-8115-4e6b-8fa8-d79dfa4c1d14
105683,Edulcorante 440 Tabletas,https://www.farmaloop.cl/products/edulcorante-440-tabletas-105683/,false,Suplementos y Vitaminas,Suplementos,,,0,Venta directa (Sin receta),LABORATORIOS RECALCINE SA,,Unidad,,Sucralosa,e2f8bd23-8115-4e6b-8fa8-d79dfa4c1d14
140763,Sulfato de Magnesio Solución Inyectable 25% 5 ml x 100 Ampollas,https://www.farmaloop.cl/products/sulfato-de-magnesio-solucion-inyectable-25-5-ml-x-100-ampollas-140763/,true,Suplementos y Vitaminas,Vitaminas y Minerales,,,0,Presentación receta médica,FRESENIUS KABI CHILE LTDA.,,Ampolla,sulfato de magnesio,Sulfato de Magnesio,5a3b87ea-a7cc-4cc2-be33-2f34cf6bda78
106973,Alta Zinc 10 mg x 40 Comprimidos,https://www.farmaloop.cl/products/alta-zinc-10-mg-x-40-comprimidos-106973/,true,Suplementos y Vitaminas,Vitaminas y Minerales,18150,22690,11,Presentación receta médica,LABORATORIOS SAVAL S A,,Comprimido,sulfato de zinc,Sulfato De Zinc,78a0dea4-d9ce-4700-b066-ca62f66ffaa3
83152,Zincovit Gotas x 30 ml,https://www.farmaloop.cl/products/zincovit-gotas-x-30-ml-83152/,true,Suplementos y Vitaminas,Vitaminas y Minerales,,,0,Presentación receta médica,ITF-LABOMED FARMACEUTICA LTDA.,,Unidad,,Sulfato De Zinc,78a0dea4-d9ce-4700-b066-ca62f66ffaa3
96535,Vitde 800 UI Vitamina D3 Gotas 20 ml,https://www.farmaloop.cl/products/vitde-800-ui-gotas-x-20-ml-96535/,true,Suplementos y Vitaminas,Vitaminas y Minerales,18990,26190,2,Venta directa (Sin receta),LABORATORIO PASTEUR S.A.,,100 ml,vitamina d3 800 UI,Suplemento Alimentario,68c6d55d-4557-4763-858b-853a05ef7219
140688,CN Renal - 400 Gramos,https://www.farmaloop.cl/products/cn-renal-400-gramos-140688/,false,Suplementos y Vitaminas,Suplementos,,,0,Venta directa (Sin receta),SIN COMPAÑIA,,100 g,suplemento nutricional,Suplemento Nutricional,d3fa0c94-690f-477e-99dc-86033f866709
139865,CN PLUS,https://www.farmaloop.cl/products/cn-plus-139865/,false,Suplementos y Vitaminas,Suplementos,,,0,Venta directa (Sin receta),GLOBAL FOODS SPA,,100 g,suplemento nutricional enriquecido en proteinas | omega 3 y fibra.,"Suplemento nutricional enriquecido en proteínas, Omega 3 y fibra.",bd3dd2c6-067b-4d8f-b56e-56574d0a33cb
140684,CN Renal 400 Gramos Sabor dulce de leche ,https://www.farmaloop.cl/products/cn-renal-400-gramos-sabor-dulce-de-leche-140684/,false,Suplementos y Vitaminas,Suplementos,,,0,Venta directa (Sin receta),GLOBAL FOODS SPA,,100 g,suplementos,Suplementos,be2b6e0c-3d59-46e1-af93-7e006298249a
86670,Tiamina Clorhidrato 30mgAmpolla,https://www.farmaloop.cl/products/tiamina-clorhidrato-30mgampolla-86670/,false,Suplementos y Vitaminas,Vitaminas y Minerales,,,0,Venta directa (Sin receta),LAB.BIOSANO S.A.,,Unidad,,Tiamina,a274fb74-2af7-486d-bf9d-5521740475e1
97475,Tiamina Clorhidrato 30mgAmpolla,https://www.farmaloop.cl/products/tiamina-clorhidrato-30mgampolla-97475/,false,Suplementos y Vitaminas,Vitaminas y Minerales,,,0,Venta directa (Sin receta),LABORATORIO SANDERSON SA,,Unidad,,Tiamina,a274fb74-2af7-486d-bf9d-5521740475e1
86669,Tiamina Clorhidrato 30mgAmpolla,https://www.farmaloop.cl/products/tiamina-clorhidrato-30mgampolla-86669/,true,Suplementos y Vitaminas,Vitaminas y Minerales,,,0,Venta directa (Sin receta),LAB.BIOSANO S.A.,,Unidad,tiamina,Tiamina,a274fb74-2af7-486d-bf9d-5521740475e1
150189,Tiamina Clorhidrato 30mg/ml x 100 Ampollas ,https://www.farmaloop.cl/products/tiamina-clorhidrato-30mgml-x-100-ampollas-150189/,false,Medicamentos,Suplementos,,,0,Presentación receta médica,DIFEM LABORATORIOS S A,,Ampolla,tiamina,Tiamina,a274fb74-2af7-486d-bf9d-5521740475e1
86675,Vitaminas B1-B6-B12 10.000 Ampolla,https://www.farmaloop.cl/products/vitaminas-b1b6b12-10000-ampolla-86675/,true,Suplementos y Vitaminas,Vitaminas,,,0,Venta directa (Sin receta),LAB.BIOSANO S.A.,,Ampolla,tiamina (vitamina b1) | piridoxina (vitamina b6) | cianocobalamina (vitamina b12) | azafran,"Tiamina (Vitamina B1),Piridoxina (Vitamina B6),Cianocobalamina (Vitamina B12),Azafran",757030d7-0b59-48b7-adf2-dabd3da472cc
138648,B-Complex x 30 Capsulas,https://www.farmaloop.cl/products/bcomplex-x-30-capsulas-138648/,true,Suplementos y Vitaminas,Vitaminas y Minerales,,,0,Venta directa (Sin receta),SUPLALIM LTDA,,Capsula,tiamina (vitamina b1) | riboflavina (vitamina b2) | niacinamida (vitamina b3) | piridoxina (vitamina b6) | acido folico (vitamina b9) | cianocobalamina (vitamina b12) | biotina (vitamina h) | acido patotenico | colina bitartrato | inositol,"Tiamina (Vitamina B1),Riboflavina (Vitamina B2),Niacinamida (Vitamina B3),Piridoxina (Vitamina B6),Acido Folico (Vitamina B9),Cianocobalamina (Vitamina B12),Biotina (Vitamina H),Acido Patotenico, Colina Bitartrato,Inositol",a9fba12f-f39d-4017-8fa7-6d8f477c18c5
138708,B-Complex Nutrapharm 90 Comprimidos,https://www.farmaloop.cl/products/bcomplex-x-90-comprimidos-138708/,true,Suplementos y Vitaminas,Vitaminas y Minerales,6900,8990,0,Venta directa (Sin receta),NUTRAPHARM,,Comprimido,tiamina (vitamina b1) | riboflavina (vitamina b2) | niconamida (vitamina b3) | piridoxina (vitamina b6) | acido folico (vitamina b9) | cianocobalamina (vitamina b12) | biotina (vitamina h),"Tiamina (Vitamina B1),Riboflavina (Vitamina B2),Niconamida (Vitamina B3),Piridoxina (Vitamina B6),Acido Folico (Vitamina B9),Cianocobalamina (Vitamina B12),Biotina (Vitamina H)",ab378767-2888-4b17-b5f9-1ff2a1c875e4
106846,Tol Total Multivitamí­nico Jarabe 100ml,https://www.farmaloop.cl/products/tol-total-jarabe-100-ml-106846/,true,Suplementos y Vitaminas,Vitaminas y Minerales,3000,14690,0,Venta directa (Sin receta),LABORATORIOS SAVAL S A,,Unidad,,"Tiamina,Piridoxina,Cianocobalamina",aecfe93e-e5fd-4f82-a03f-d93066ac1737
106842,Tol 12 Forte 5.000 Sol.Iny. Ampolla 2ml,https://www.farmaloop.cl/products/tol-12-forte-5000-soliny-ampolla-2ml-106842/,false,Suplementos y Vitaminas,Vitaminas y Minerales,,,0,Venta directa (Sin receta),LABORATORIOS SAVAL S A,,Ampolla,,"Tiamina,Piridoxina,Cianocobalamina",aecfe93e-e5fd-4f82-a03f-d93066ac1737
106845,Tol 12 Oral x 250 ml,https://www.farmaloop.cl/products/tol-12-oral-x-250-ml-106845/,true,Suplementos y Vitaminas,Vitaminas y Minerales,11830,14790,15,Presentación receta médica,LABORATORIOS SAVAL S A,,100 ml,tiamina | piridoxina | cianocobalamina,"Tiamina,Piridoxina,Cianocobalamina",aecfe93e-e5fd-4f82-a03f-d93066ac1737
106841,Tol 12 Forte 10.000 Sol.Iny.Ampolla 2ml,https://www.farmaloop.cl/products/tol-12-forte-10000-solinyampolla-2ml-106841/,false,Suplementos y Vitaminas,Vitaminas y Minerales,,,0,Venta directa (Sin receta),LABORATORIOS SAVAL S A,,Ampolla,tiamina | piridoxina | cianocobalamina,"Tiamina,Piridoxina,Cianocobalamina",aecfe93e-e5fd-4f82-a03f-d93066ac1737
140374,Seredan x 60 Cápsulas,https://www.farmaloop.cl/products/seredan-x-60-capsulas-140374/,true,Suplementos y Vitaminas,Vitaminas y Minerales,8990,8990,3,Venta directa (Sin receta),OPKO CHILE S.A.,,Capsula,triptofano | vitamina b6 | vitamina b2 | vitamina b3 | magnesio,Triptófano ; Vitamina B6 ; Vitamina B2 ; Vitamina B3 ; Magnesio,b2e79c50-4afb-4536-856e-e1603f352d20
125931,Engystol 50 Comprimidos,https://www.farmaloop.cl/products/engystol-x-50-comprimidos-125931/,true,Suplementos y Vitaminas,Suplementos,17640,24390,0,Venta directa (Sin receta),PRODUCTOS FARMACEUTICOS HEEL CHILE LIMITADA,,Comprimido,vincetoxicum hirundinaria d10 | vincetoxicum hirundinaria d30 | vincetoxicum hirundinaria d6 | sulfur d4 | sulfur d10,"Vincetoxicum Hirundinaria D10,Vincetoxicum Hirundinaria D30,Vincetoxicum Hirundinaria D6,Sulfur D4,Sulfur D10",7ffae475-5a50-4427-9459-5a307f508b0b
106928,Vitayde-C Vitaminas Adc Gotas,https://www.farmaloop.cl/products/vitaydec-vitaminas-adc-gotas-106928/,false,Suplementos y Vitaminas,Vitaminas y Minerales,,,0,Presentación receta médica,LABORATORIOS SAVAL S A,,100 ml,,"Vitamina A,Vitamina D,Vitamina C",1332a4f4-9c1b-4c18-a916-a8ef9c709e74
150257,Vitaminas ACD x 30ml,https://www.farmaloop.cl/products/vitaminas-acd-x-30ml-150257/,false,Suplementos y Vitaminas,Vitaminas y Minerales,,,0,Presentación receta médica,LABORATORIO HOSPIFARMA CHILE LIMITADA,,Unidad,vitamina a | vitamina d | vitamina c,"Vitamina A,Vitamina D,Vitamina C",1332a4f4-9c1b-4c18-a916-a8ef9c709e74
139885,B-Complex Sunvit 100 Tabletas,https://www.farmaloop.cl/products/bcomplex-x-100-tabletas-139885/,true,Suplementos y Vitaminas,Vitaminas y Minerales,9800,14990,3,Venta directa (Sin receta),SOC. COM. NLS NUTRALINE SUPLEMENT LTDA.,SUNVIT LIFE,Tableta,vitamina b,Vitamina B,c654e49a-7c8e-43da-b2cb-9077c143dac6
140100,B-Complex 20 Tabletas Efervescentes (German Energy),https://www.farmaloop.cl/products/bcomplex-x-20-tabletas-efervescentes-german-energy-140100/,true,Suplementos y Vitaminas,Vitaminas y Minerales,3190,3990,7,Venta directa (Sin receta),SOC MEDICA IMPORTADORA Y COMERCIALIZADORA BIOPLUS SPA,,Tableta,vitamina b,Vitamina B,c654e49a-7c8e-43da-b2cb-9077c143dac6
139887,B-Complex Sundown 100 Comprimidos ,https://www.farmaloop.cl/products/bcomplex-100-comprimidos-sundown-139887/,true,Suplementos y Vitaminas,Vitaminas y Minerales,13990,16990,1,Venta directa (Sin receta),SOC. COM. NLS NUTRALINE SUPLEMENT LTDA.,SUNDOWN,Tableta,,Vitamina B,c654e49a-7c8e-43da-b2cb-9077c143dac6
139946,Beta-Complex (30 caps),https://www.farmaloop.cl/products/betacomplex-30-caps-139946/,false,Suplementos y Vitaminas,Vitaminas y Minerales,,,0,Venta directa (Sin receta),EUROFARMA CHILE S.A.,,Capsula,vitamina b (complejo),Vitamina B (Complejo),6102ad15-25ce-4ff2-bb41-a08aff48ebb4
101018,Crevet light 500mg x 32 Comprimidos Masticables,https://www.farmaloop.cl/products/crevet-light-500mg-x-32-comprimidos-masticables-101018/,true,Suplementos y Vitaminas,Vitaminas y Minerales,,,0,Venta directa (Sin receta),LABORATORIOS PRATER S A,,Comprimido,vitamina c,Vitamina C,1363044a-71fa-48e3-b184-582b72bfaf87
139968,Cebion Fresa 100 mg Gotas 30 mL,https://www.farmaloop.cl/products/cebion-fresa-100-mg-gotas-30-ml-139968/,false,Suplementos y Vitaminas,Vitaminas,,,0,Venta directa (Sin receta),PROCTER & GAMBLE CHILE LTDA.,,100 ml,vitamina c,Vitamina C,1363044a-71fa-48e3-b184-582b72bfaf87
140405,Vitamina C 500 mg x 60 Cápsulas,https://www.farmaloop.cl/products/vitamina-c-500-mg-x-60-capsulas-140405/,false,Suplementos y Vitaminas,Vitaminas,,,0,Venta directa (Sin receta),PRONAT LABS CHILE,,Cápsula,vitamina c 500 mg,Vitamina C,1363044a-71fa-48e3-b184-582b72bfaf87
117952,Vitamina C 1000 mg x 60 Cápsulas,https://www.farmaloop.cl/products/vitamina-c-1000-mg-x-60-capsulas-117952/,false,Suplementos y Vitaminas,Vitaminas y Minerales,,,0,Venta directa (Sin receta),LABORATORIO SPRINGLIFE,SPRINGLIFE,Cápsula,vitamina c 1000 mg,Vitamina C,1363044a-71fa-48e3-b184-582b72bfaf87
139966,Cebion Vitamina C 2000 mg 20 Comprimidos Efervecentes,https://www.farmaloop.cl/products/cebion-vitamina-c-2000-mg-20-comprimidos-efervecentes-139966/,true,Suplementos y Vitaminas,Vitaminas y Minerales,,,0,Venta directa (Sin receta),PROCTER & GAMBLE CHILE LTDA.,,Comprimido,vitamina c,Vitamina C,1363044a-71fa-48e3-b184-582b72bfaf87
139872,Vitamina C 1000 mg  Sundown 133 Comprimidos,https://www.farmaloop.cl/products/vitamina-c-sundown-1000-mg-x-133-capsulas-139872/,true,Suplementos y Vitaminas,Vitaminas y Minerales,15990,19899,2,Venta directa (Sin receta),SOC. COM. NLS NUTRALINE SUPLEMENT LTDA.,,Comprimido,vitamina c,VITAMINA C,eb8e641f-9d63-4e4e-8610-29d4418ab880
140131,Vitamina C 1000 mg Sabor Limón 20 Comprimidos Efervescentes (German Energy),https://www.farmaloop.cl/products/vitamina-c-1000-mg-sabor-limon-x-20-comp-efervescentes-german-energy-140131/,true,Suplementos y Vitaminas,Vitaminas y Minerales,2790,3490,24,Venta directa (Sin receta),SOC MEDICA IMPORTADORA Y COMERCIALIZADORA BIOPLUS SPA,,Tableta,vitamina c,Vitamina C,1363044a-71fa-48e3-b184-582b72bfaf87
100945,Vitamina C 500mgMultisabor,https://www.farmaloop.cl/products/vitamina-c-500mgmultisabor-100945/,false,Suplementos y Vitaminas,Vitaminas y Minerales,,,0,Venta directa (Sin receta),LABORATORIOS PRATER S A,,Comprimido,vitamina c,Vitamina C,1363044a-71fa-48e3-b184-582b72bfaf87
140768,Vitarama C 100mg x 100 Comprimidos,https://www.farmaloop.cl/products/vitarama-c-100mg-x-100-comprimidos-140768/,false,Suplementos y Vitaminas,Vitaminas y Minerales,,,0,Venta directa (Sin receta),OPKO CHILE S.A.,,Comprimido,vitamina c,Vitamina C,1363044a-71fa-48e3-b184-582b72bfaf87
97887,Vitamina C 100 mg x 100 Comprimidos Masticables,https://www.farmaloop.cl/products/vitamina-c-100-mg-x-100-comprimidos-masticables-97887/,true,Suplementos y Vitaminas,Vitaminas y Minerales,1500,3450,0,Venta directa (Sin receta),LABORATORIO VALMA LIMITADA,,Comprimido,vitamina c 100 mg,Vitamina C,1363044a-71fa-48e3-b184-582b72bfaf87
101001,Vitamina C 500 mg,https://www.farmaloop.cl/products/vitamina-c-500-mg-101001/,false,Suplementos y Vitaminas,Vitaminas y Minerales,,,0,Venta directa (Sin receta),LABORATORIOS PRATER S A,,Comprimido,vitamina c,Vitamina C,1363044a-71fa-48e3-b184-582b72bfaf87
110879,Mintavit C 100 mg x 100 Comprimidos,https://www.farmaloop.cl/products/mintavit-c-100-mg-x-100-comprimidos-110879/,true,Suplementos y Vitaminas,Vitaminas y Minerales,,,0,Venta directa (Sin receta),MEDICAL INTERNATIONAL LABORATORIES CORPORATION S.A.,,Unidad,vitamina c 100 mg,Vitamina C,1363044a-71fa-48e3-b184-582b72bfaf87
140770,Vitarama C Forte 1000mg x 20 Tabletas Efervecentes,https://www.farmaloop.cl/products/vitarama-c-forte-1000mg-x-20-tabletas-efervecentes-140770/,false,Suplementos y Vitaminas,Vitaminas y Minerales,,,0,Venta directa (Sin receta),OPKO CHILE S.A.,,Tableta,vitamina c,Vitamina C,1363044a-71fa-48e3-b184-582b72bfaf87
140456,Vitamina C 500mg x 30 Cápsulas ,https://www.farmaloop.cl/products/vitamina-c-500mg-x-30-capsulas-140456/,false,Suplementos y Vitaminas,Vitaminas,,,0,Venta directa (Sin receta),PRONAT LABS CHILE,,Cápsula,vitamina c 500 mg,Vitamina C,1363044a-71fa-48e3-b184-582b72bfaf87
121195,Easylife Vitamin C Berriesx 20 Tab Eferv,https://www.farmaloop.cl/products/easylife-vitamin-c-berriesx-20-tab-eferv-121195/,false,Suplementos y Vitaminas,Vitaminas y Minerales,,,0,Venta directa (Sin receta),PHARMARIS CHILE SPA,,Unidad,,Vitamina C,1363044a-71fa-48e3-b184-582b72bfaf87
97917,Vitamina C 100Mg Frasco x 200 Comprimidos,https://www.farmaloop.cl/products/vitamina-c-100mg-frasco-x-200-comprimidos-97917/,false,Suplementos y Vitaminas,Vitaminas,2290,2600,0,Venta directa (Sin receta),LABORATORIO VALMA LIMITADA,,Comprimido,vitamina c,Vitamina C,1363044a-71fa-48e3-b184-582b72bfaf87
140633,Crevet Light Vitamina C 500mg 32 Comprimidos Masticables,https://www.farmaloop.cl/products/crevet-light-vitamina-c-500-mg-32-comprimidos-140633/,true,Suplementos y Vitaminas,Vitaminas y Minerales,3690,4690,20,Venta directa (Sin receta),LABORATORIOS PRATER S A,,Comprimido,acido ascorbico (vitamina c) 500 mg,Vitamina C,1363044a-71fa-48e3-b184-582b72bfaf87
100934,Vitamina C 100mg Masticables Multisabor,https://www.farmaloop.cl/products/vitamina-c-100mg-masticables-multisabor-100934/,false,Suplementos y Vitaminas,Vitaminas y Minerales,,,0,Venta directa (Sin receta),LABORATORIOS PRATER S A,,Unidad,,Vitamina C,1363044a-71fa-48e3-b184-582b72bfaf87
140471,CRANBERRY VITAMINA C VITAMINA E GOMITAS X 60,https://www.farmaloop.cl/products/cranberry-vitamina-c-vitamina-e-gomitas-x-60-140471/,false,Suplementos y Vitaminas,Suplementos,,,0,Venta directa (Sin receta),SIN COMPAÑIA,,Caramelo,vitamina c y e,Vitamina C y E,c6c6264d-f068-413d-9d4d-5f91d2ffcac6
140500,Multivitaminas + Minerales x 20 Tabletas Efervescentes (German Energy),https://www.farmaloop.cl/products/multivitaminas-minerales-x-20-tabletas-efervescentes-german-energy-140500/,true,Suplementos y Vitaminas,Vitaminas y Minerales,2990,3990,1,Venta directa (Sin receta),SOC MEDICA IMPORTADORA Y COMERCIALIZADORA BIOPLUS SPA,,Tableta,vitamina c | vitamina e | vitaminas b1 | b2 | b3 | b5 | b6 | biotina | acido folico | b12 | calcio y magnesio,"vitamina C, vitamina E, vitaminas B1, B2, B3, B5, B6, Biotina, ácido fólico, B12, calcio y magnesio",3b28673c-6766-49a6-8e39-8547596bab27
127086,Flurelle,https://www.farmaloop.cl/products/flurelle-127086/,false,Suplementos y Vitaminas,Vitaminas y Minerales,,,0,Venta directa (Sin receta),RAMIREZ Y SANCHEZ LTDA.,,Unidad,,"Vitamina C,Cranberry",9f0b3f7d-e342-48ac-8163-4374ae080b98
130153,Cranberry 150mg,https://www.farmaloop.cl/products/cranberry-150mg-130153/,false,Suplementos y Vitaminas,Vitaminas y Minerales,,,0,Venta directa (Sin receta),SOCIEDAD COMERCIALIZADORA DE SUPLEMENTOS ALIMENTICIOS S.A.,,Unidad,,"Vitamina C,Cranberry",9f0b3f7d-e342-48ac-8163-4374ae080b98
96540,Inmucel Vitamina C + Probioticos,https://www.farmaloop.cl/products/inmucel-vitamina-c-probioticos-96540/,false,Suplementos y Vitaminas,Vitaminas y Minerales,,,0,Venta directa (Sin receta),LABORATORIO PASTEUR S.A.,,Unidad,,"Vitamina C,Lactobacillus",9f5a82ec-a882-4c52-9a73-2767be3710e5
131575,Magnatil C x 30 Comprimidos Efervescentes,https://www.farmaloop.cl/products/magnatil-c-x-30-comprimidos-efervescentes-131575/,true,Suplementos y Vitaminas,Suplementos,30260,34390,0,Venta directa (Sin receta),TECNOFARMA S.A.,,Comprimido,vitamina c 500 mg | sulfato magnesio 353 mg | oxido de magnesio 165 mg,"Vitamina C,Sulfato Magnesio",8a86e415-3cca-45f4-aed2-6da31967cd62
83080,Zincovit Comprimidos,https://www.farmaloop.cl/products/zincovit-comprimidos-83080/,false,Suplementos y Vitaminas,Vitaminas y Minerales,,,0,Venta directa (Sin receta),ITF-LABOMED FARMACEUTICA LTDA.,,Comprimido,,"Vitamina C,Vitamina A,Zinc,Vitamina E",7020745c-b831-4709-aca2-dac0d6b5a20c
140096,Vitamina C + Zinc 20 Tabletas Efervescentes (German Energy),https://www.farmaloop.cl/products/vitamina-c-zinc-x-20-tabletas-efervescentes-german-energy-140096/,true,Suplementos y Vitaminas,Vitaminas y Minerales,3750,4990,0,Venta directa (Sin receta),SOC MEDICA IMPORTADORA Y COMERCIALIZADORA BIOPLUS SPA,,Tableta,vitamina c | zinc,Vitamina C; Zinc,5fc8cf9c-5176-47d5-8e5a-dd923986c8e3
139886,Vitamina D 400 UI Sundown 100 Cápsulas Softgels,https://www.farmaloop.cl/products/vitamina-d-400-ui-x-100-capsulas-blandas-139886/,true,Suplementos y Vitaminas,Vitaminas y Minerales,10490,13990,0,Venta directa (Sin receta),SOC. COM. NLS NUTRALINE SUPLEMENT LTDA.,SUNDOWN,Cápsula,vitamina d 400 UI,Vitamina D,fdae252f-70a8-4d07-9672-f7e3fa0be578
139874,Vitamina D 800 UI Sunvit 120 Tabletas,https://www.farmaloop.cl/products/vitamina-d-800-iu-120-tabs-139874/,true,Suplementos y Vitaminas,Vitaminas y Minerales,12650,17990,2,Venta directa (Sin receta),SOC. COM. NLS NUTRALINE SUPLEMENT LTDA.,SUNVIT LIFE,Comprimido,vitamina d 800 UI,Vitamina D,fdae252f-70a8-4d07-9672-f7e3fa0be578
140697,Infor Vit D3 800 UI Solución Para Gotas Orales 30ml,https://www.farmaloop.cl/products/infor-vit-d3-800-ui-x-30-ml-solucion-para-gotas-orales-140697/,true,Suplementos y Vitaminas,Vitaminas y Minerales,11990,20690,10,Venta directa (Sin receta),LABORATORIOS PRATER S A,INFORVIT,Unidad,vitamina d 800 UI,Vitamina D,fdae252f-70a8-4d07-9672-f7e3fa0be578
101153,InforVit Vitamina D3 800 Ui x 30 comprimidos,https://www.farmaloop.cl/products/inforvit-vitamina-d3-800-ui-x-30-comprimidos-101153/,true,Suplementos y Vitaminas,Vitaminas y Minerales,,,0,Venta directa (Sin receta),LABORATORIOS PRATER S A,,Comprimido,vitamina d,Vitamina D,fdae252f-70a8-4d07-9672-f7e3fa0be578
55370,Detres Comprimidos 800 Ui,https://www.farmaloop.cl/products/detres-comprimidos-800-ui-55370/,false,Suplementos y Vitaminas,Vitaminas y Minerales,,,0,Venta directa (Sin receta),Gadorpharma SpA,,Unidad,,Vitamina D3,f0b6ad32-36fc-4c3c-af6a-2460f4281647
55371,Detres Comprimidos 800 UI x 30 Comprimidos,https://www.farmaloop.cl/products/detres-comprimidos-800-ui-x-30-comprimidos-55371/,true,Suplementos y Vitaminas,Vitaminas y Minerales,6590,14830,0,Venta directa (Sin receta),Gadorpharma SpA,DETRES,Comprimido,vitamina d3 800 UI,Vitamina D3,f0b6ad32-36fc-4c3c-af6a-2460f4281647
98483,DVida 800 UI 35 Cápsulas Blandas,https://www.farmaloop.cl/products/dvida-800-ui-x-35-capsulas-blandas-98483/,true,Suplementos y Vitaminas,Vitaminas y Minerales,14950,18690,6,Venta directa (Sin receta),LABORATORIOS ANDROMACO S A,,Capsula,vitamina d3,Vitamina D3,f0b6ad32-36fc-4c3c-af6a-2460f4281647
140325,Vitamina D3 800 UI Nutrapharm 100 Comprimidos,https://www.farmaloop.cl/products/vitamina-d3-800-ui-x-100-comprimidos-140325/,true,Suplementos y Vitaminas,Vitaminas y Minerales,7700,10990,8,Venta directa (Sin receta),NUTRAPHARM,,Comprimido,vitamina d3 800 UI,Vitamina D3,f0b6ad32-36fc-4c3c-af6a-2460f4281647
139647,Dvidamax 100000 UI x 1 g Polvo Para Suspensión Oral,https://www.farmaloop.cl/products/dvidamax-100000-ui-x-1-g-polvo-para-suspension-oral-139647/,true,Suplementos y Vitaminas,Vitaminas y Minerales,5000,27490,0,Venta directa (Sin receta),LABORATORIOS ANDROMACO S A,,Unidad,vitamina d3 100000 UI,Vitamina D3,f0b6ad32-36fc-4c3c-af6a-2460f4281647
104697,Acuode 50000 UI x 2 Sobres Polvo Para Solución Oral,https://www.farmaloop.cl/products/acuode-50000-ui-x-2-sobres-polvo-para-solucion-oral-104697/,true,Suplementos y Vitaminas,Vitaminas y Minerales,14590,20290,0,Presentación receta médica,LABORATORIOS RECALCINE SA,,Sobre,vitamina d3,Vitamina D3,f0b6ad32-36fc-4c3c-af6a-2460f4281647
140632,Deblax 100.000 UI x 1 Cápsulas Blanda,https://www.farmaloop.cl/products/deblax-100000-ui-x-1-capsulas-blanda-140632/,false,Suplementos y Vitaminas,Vitaminas y Minerales,15890,17590,0,Presentación receta médica,TECNOFARMA S.A.,,Cápsula,vitamina d3 1000000 UI,Vitamina D3,f0b6ad32-36fc-4c3c-af6a-2460f4281647
140101,Vitamina D 3 800 UI X 20 Tabletas Efervescentes (German Energy),https://www.farmaloop.cl/products/vitamina-d-3-800-ui-x-20-tabletas-efervescentes-german-energy-140101/,true,Suplementos y Vitaminas,Vitaminas y Minerales,3000,3690,10,Venta directa (Sin receta),SOC MEDICA IMPORTADORA Y COMERCIALIZADORA BIOPLUS SPA,,Tableta,vitamina d3,Vitamina D3,f0b6ad32-36fc-4c3c-af6a-2460f4281647
98470,Dvida Max Vitamina D3 50.000UI Polvo Suspensión Oral 1.1g 4 Viales,https://www.farmaloop.cl/products/dvida-max-50000-ui-x-4-vial-polvo-para-suspension-oral-98470/,true,Suplementos y Vitaminas,Vitaminas y Minerales,17500,33999,8,Presentación receta médica,LABORATORIOS ANDROMACO S A,,Unidad,vitamina d3 50000 UI,Vitamina d3,9052c1e6-440e-4b3f-b068-0c867dfcbda5
96533,Bonavid 300.000 UI x 2 ml,https://www.farmaloop.cl/products/bonavid-300000-ui-x-2-ml-96533/,true,Suplementos y Vitaminas,Vitaminas y Minerales,19990,25190,0,Presentación receta médica,LABORATORIO PASTEUR S.A.,,100 ml,vitamina d3 300000 UI,Vitamina D3,f0b6ad32-36fc-4c3c-af6a-2460f4281647
98982,Dvida Max 50000 UI x 1 Vial Polvo Para Suspensión Oral,https://www.farmaloop.cl/products/dvida-max-50000-ui-x-1-vial-polvo-para-suspension-oral-98982/,true,Suplementos y Vitaminas,Vitaminas y Minerales,,,0,Venta directa (Sin receta),LABORATORIOS ANDROMACO S A,,Unidades,vitamina d3,Vitamina D3,f0b6ad32-36fc-4c3c-af6a-2460f4281647
140250,"Deblax 2,5mg x 1 Cápsula Blanda",https://www.farmaloop.cl/products/deblax-25mg-x-1-capsula-blanda-140250/,false,Suplementos y Vitaminas,Vitaminas,14460,17890,0,Presentación receta médica,TECNOFARMA S.A.,,Cápsula,"vitamina d3 2,5 mg",Vitamina D3,f0b6ad32-36fc-4c3c-af6a-2460f4281647
96914,Vitde 800 UI x 10 ml Solución Oral Para Gotas,https://www.farmaloop.cl/products/vitde-800-ui-x-10-ml-solucion-oral-para-gotas-96914/,false,Suplementos y Vitaminas,Vitaminas y Minerales,15800,18590,10,Venta directa (Sin receta),LABORATORIO PASTEUR S.A.,,100 ml,vitamina d3,Vitamina D3,f0b6ad32-36fc-4c3c-af6a-2460f4281647
96912,Vitde 500 Ui x 30,https://www.farmaloop.cl/products/vitde-500-ui-x-30-96912/,false,Suplementos y Vitaminas,Vitaminas y Minerales,,,0,Venta directa (Sin receta),LABORATORIO PASTEUR S.A.,,Unidad,,Vitamina D3,f0b6ad32-36fc-4c3c-af6a-2460f4281647
120987,Summavit Gotas x 20 ml,https://www.farmaloop.cl/products/summavit-gotas-x-20-ml-120987/,false,Suplementos y Vitaminas,Vitaminas y Minerales,,,34,Venta directa (Sin receta),LABORATORIO MEGALABS CHILE S.A.,,100 ml,vitamina d3 200 UI,Vitamina D3,f0b6ad32-36fc-4c3c-af6a-2460f4281647
96913,Vitde 800 UI 30 Comprimidos,https://www.farmaloop.cl/products/vitde-800-ui-x-30-comprimidos-96913/,true,Suplementos y Vitaminas,Vitaminas y Minerales,12450,16090,5,Venta directa (Sin receta),LABORATORIO PASTEUR S.A.,,Comprimido,vitamina d3,Vitamina D3,f0b6ad32-36fc-4c3c-af6a-2460f4281647
104739,Acuode 300.000 Ui Frasco Gotero,https://www.farmaloop.cl/products/acuode-300000-ui-frasco-gotero-104739/,false,Suplementos y Vitaminas,Vitaminas y Minerales,,,0,Presentación receta médica,LABORATORIOS RECALCINE SA,,100 ml,,Vitamina D3,f0b6ad32-36fc-4c3c-af6a-2460f4281647
150100,DVidamax 2.000 UI 30 Cápsulas Blandas,https://www.farmaloop.cl/products/dvidamax-2000ui-x-30-capsulas-blandas-150100/,true,Suplementos y Vitaminas,Vitaminas y Minerales,16190,20240,2,Presentación receta médica,LABORATORIOS ANDROMACO S A,LAB.ANDROMACO S.A.,Cápsula,vitamina d3 2000 UI,Vitamina D3,f0b6ad32-36fc-4c3c-af6a-2460f4281647
150319,Vitamina D3 800 UI x 90 Capsulas,https://www.farmaloop.cl/products/vitamina-d3-800-ui-x-90-capsulas-150319/,false,Suplementos y Vitaminas,Vitaminas y Minerales,,,0,Venta directa (Sin receta),LABORATORIO SCL,,Cápsula,vitamina d3 800 UI,Vitamina D3,f0b6ad32-36fc-4c3c-af6a-2460f4281647
91031,Vitaminas ADC Gotas Pediátricas 30ml,https://www.farmaloop.cl/products/vitaminas-adc-gotas-pediatricas-91031/,true,Suplementos y Vitaminas,Vitaminas y Minerales,5990,11890,2,Presentación receta médica,LABORATORIO CHILE S A,,100 ml,vitamina d3 | vitamina c | vitamina a,"Vitamina D3,Vitamina C,Vitamina A",819f47bb-7aff-4e0e-92a5-540dcd555ea2
110760,Vitaminas Adc Gotas Pediatricas,https://www.farmaloop.cl/products/vitaminas-adc-gotas-pediatricas-110760/,false,Suplementos y Vitaminas,Vitaminas y Minerales,,,0,Presentación receta médica,MEDICAL INTERNATIONAL LABORATORIES CORPORATION S.A.,,100 ml,vitamina d3 | vitamina c | vitamina a,"Vitamina D3,Vitamina C,Vitamina A",819f47bb-7aff-4e0e-92a5-540dcd555ea2
82474,Aquasol A-C-D Gotas,https://www.farmaloop.cl/products/aquasol-acd-gotas-82474/,false,Suplementos y Vitaminas,Vitaminas y Minerales,,,0,Venta directa (Sin receta),INTERPHARMA S.A.,,Unidad,,"Vitamina D3,Vitamina C,Vitamina A",819f47bb-7aff-4e0e-92a5-540dcd555ea2
83075,Zincovit Plus Jarabe,https://www.farmaloop.cl/products/zincovit-plus-jarabe-83075/,false,Suplementos y Vitaminas,Vitaminas y Minerales,,,0,Presentación receta médica,ITF-LABOMED FARMACEUTICA LTDA.,,100 ml,,"Vitamina D3,Vitamina C,Vitamina A,Zinc,Vitamina E,Vitamina D33",08055916-82bf-4cc4-8ee5-d9ab51a91582
104670,Egogyn 1000 UI x 30 Cápsulas,https://www.farmaloop.cl/products/egogyn-1000-ui-x-30-capsulas-104670/,true,Suplementos y Vitaminas,Vitaminas y Minerales,,,0,Presentación receta médica,LABORATORIOS RECALCINE SA,,Cápsula,vitamina e 1000 UI,Vitamina E,64b0a169-6c74-4205-8abf-ff6df86084a1
139873,Vitamina E 400 UI Sundown 200 Cápsulas Softgels,https://www.farmaloop.cl/products/vitamina-e400-sundown-x-200-soft-139873/,true,Suplementos y Vitaminas,Vitaminas y Minerales,26990,35990,2,Venta directa (Sin receta),SOC. COM. NLS NUTRALINE SUPLEMENT LTDA.,,Capsula,vitamina e,VITAMINA E,20a9289b-4283-485a-a62f-813f2fb712fa
140519,Vitamina E 400 UI x 30 Arama,https://www.farmaloop.cl/products/vitamina-e-400-ui-x-30-arama-140519/,false,Suplementos y Vitaminas,Vitaminas y Minerales,,,0,Venta directa (Sin receta),ARAMA NATURAL PRODUCTS DISTRIBUIDORA LIMITADA,,Capsula,vitamina e,Vitamina E,64b0a169-6c74-4205-8abf-ff6df86084a1
131628,E-Tec-1000 Vitamina E 1G,https://www.farmaloop.cl/products/etec1000-vitamina-e-1g-131628/,false,Suplementos y Vitaminas,Vitaminas y Minerales,,,0,Presentación receta médica,TECNOFARMA S.A.,,Capsula,,Vitamina E,64b0a169-6c74-4205-8abf-ff6df86084a1
105839,Egogyn Vitamina E 400 U.I.,https://www.farmaloop.cl/products/egogyn-vitamina-e-400-ui-105839/,false,Suplementos y Vitaminas,Vitaminas y Minerales,,,0,Presentación receta médica,LABORATORIOS RECALCINE SA,,Capsula,,Vitamina E,64b0a169-6c74-4205-8abf-ff6df86084a1
140423,Vitamina E 400 UI x 30 Cápsulas Blandas,https://www.farmaloop.cl/products/vitamina-e-400-ui-x-30-capsulas-blandas-140423/,false,Suplementos y Vitaminas,Vitaminas y Minerales,,,0,Venta directa (Sin receta),LABORATORIO SPRINGLIFE,SPRINGLIFE,Cápsula,vitamina e 400 UI,Vitamina E,64b0a169-6c74-4205-8abf-ff6df86084a1
104758,Egogyn Cap. Blandas 400 mg x 30 Imp,https://www.farmaloop.cl/products/egogyn-cap-blandas-400-mg-x-30-imp-104758/,false,Suplementos y Vitaminas,Vitaminas y Minerales,,,0,Presentación receta médica,LABORATORIOS RECALCINE SA,,Capsula,,Vitamina E,64b0a169-6c74-4205-8abf-ff6df86084a1
110783,Springlife Cranberry Plus Vit.C 60 Caps,https://www.farmaloop.cl/products/springlife-cranberry-plus-vitc-60-caps-110783/,true,Suplementos y Vitaminas,Vitaminas y Minerales,,,0,Venta directa (Sin receta),MEDICAL INTERNATIONAL LABORATORIES CORPORATION S.A.,,Capsula,vitamina e | vitamina c | cranberry,"Vitamina E,Vitamina C,Cranberry",1564c6a7-086b-42c8-a43d-14761cc37ae5
92292,Inveade Polivitaminico Perros,https://www.farmaloop.cl/products/inveade-polivitaminico-perros-92292/,false,Suplementos y Vitaminas,Vitaminas y Minerales,,,0,Venta directa (Sin receta),LABORATORIO DRAG PHARMA CHILE INVETEC SA,,Unidad,,"Vitamina E,Vitamina D,Vitamina A",fbc25291-3eb6-4c7c-be9e-763b24406724
130151,Active On (Vitaminas Y Minerales) 30Comp,https://www.farmaloop.cl/products/active-on-vitaminas-y-minerales-30comp-130151/,true,Suplementos y Vitaminas,Vitaminas y Minerales,,,0,Venta directa (Sin receta),SOCIEDAD COMERCIALIZADORA DE SUPLEMENTOS ALIMENTICIOS S.A.,,Comprimido,vitaminas,Vitaminas,98dd7721-2945-41d9-a1d7-7dfdb872b5b6
16956,Berocca Plus 30 Comprimidos Recubiertos,https://www.farmaloop.cl/products/berocca-plus-30-comprimidos-recubiertos-16956/,true,Suplementos y Vitaminas,Vitaminas y Minerales,19990,28060,4,Venta directa (Sin receta),BAYER S.A.,,Comprimido,vitaminas b | magnesio | calcio,"Vitaminas B,Magnesio,Calcio",0c245572-cfd7-4199-b7fe-bf09d4cd919d
57061,Centrum Silver Tab x 60 Btl Cl,https://www.farmaloop.cl/products/centrum-silver-tab-x-60-btl-cl-57061/,false,Suplementos y Vitaminas,Vitaminas y Minerales,,,0,Venta directa (Sin receta),GLAXOSMITHKLINE CHILE FARMACEUTICA LIMITADA,,Unidad,,"Vitaminas,Minerales",c5a40177-0e56-4853-a470-e6de77bc811c
16954,Supradyn x 30 Grageas,https://www.farmaloop.cl/products/supradyn-x-30-grageas-16954/,true,Suplementos y Vitaminas,Vitaminas y Minerales,15350,19190,5,Venta directa (Sin receta),BAYER S.A.,,Comprimido,vitaminas | minerales,"Vitaminas,Minerales",c5a40177-0e56-4853-a470-e6de77bc811c
57049,Centrum Adultos Multivitamínico 30 Comprimidos,https://www.farmaloop.cl/products/centrum-x-30-comprimidos-57049/,true,Suplementos y Vitaminas,Vitaminas y Minerales,7790,14290,27,Venta directa (Sin receta),GLAXOSMITHKLINE CHILE FARMACEUTICA LIMITADA,,Comprimido,vitaminas | minerales,"Vitaminas,Minerales",c5a40177-0e56-4853-a470-e6de77bc811c
100996,Mezcla Liquida De Vitaminas Sabor Cherry,https://www.farmaloop.cl/products/mezcla-liquida-de-vitaminas-sabor-cherry-100996/,false,Suplementos y Vitaminas,Vitaminas y Minerales,,,0,Venta directa (Sin receta),LABORATORIOS PRATER S A,,Unidad,,"Vitaminas,Minerales",c5a40177-0e56-4853-a470-e6de77bc811c
83144,Naticare Supra x 30 Cápsulas,https://www.farmaloop.cl/products/naticare-supra-x-30-capsulas-83144/,true,Suplementos y Vitaminas,Vitaminas y Minerales,15990,20090,2,Venta directa (Sin receta),ITF-LABOMED FARMACEUTICA LTDA.,,Unidad,vitaminas | minerales,"Vitaminas,Minerales",c5a40177-0e56-4853-a470-e6de77bc811c
101211,Vitaminas Minerales Masticables Tuti-Fr,https://www.farmaloop.cl/products/vitaminas-minerales-masticables-tutifr-101211/,false,Suplementos y Vitaminas,Vitaminas y Minerales,,,0,Venta directa (Sin receta),LABORATORIOS PRATER S A,,Unidad,,"Vitaminas,Minerales",c5a40177-0e56-4853-a470-e6de77bc811c
96489,Manhaé x 30 Capsulas,https://www.farmaloop.cl/products/manhae-x-30-capsulas-96489/,false,Suplementos y Vitaminas,Vitaminas y Minerales,,,0,Venta directa (Sin receta),LABORATORIO PASTEUR S.A.,,Unidad,,"Vitaminas,Minerales",c5a40177-0e56-4853-a470-e6de77bc811c
53788,Suplemento Neuro Exeltis,https://www.farmaloop.cl/products/suplemento-neuro-exeltis-53788/,false,Suplementos y Vitaminas,Vitaminas y Minerales,,,0,Venta directa (Sin receta),EXELTIS CHILE SPA,,Comprimido,vitaminas | minerales,"Vitaminas,Minerales",c5a40177-0e56-4853-a470-e6de77bc811c
92270,Multivitaminico Para Perros Adulto,https://www.farmaloop.cl/products/multivitaminico-para-perros-adulto-92270/,false,Suplementos y Vitaminas,Vitaminas y Minerales,,,0,Venta directa (Sin receta),LABORATORIO DRAG PHARMA CHILE INVETEC SA,,Unidad,,"Vitaminas,Minerales",c5a40177-0e56-4853-a470-e6de77bc811c
56231,Multivitaminico Complejo B,https://www.farmaloop.cl/products/multivitaminico-complejo-b-56231/,false,Suplementos y Vitaminas,Vitaminas y Minerales,,,0,Venta directa (Sin receta),GENOMMA LAB CHILE S.A.,,Unidad,,"Vitaminas,Minerales",c5a40177-0e56-4853-a470-e6de77bc811c
57059,Centrum Silver Multivitamínico 30 Comprimidos,https://www.farmaloop.cl/products/centrum-silver-x-30-comprimidos-57059/,true,Suplementos y Vitaminas,Vitaminas y Minerales,8990,18299,20,Venta directa (Sin receta),GLAXOSMITHKLINE CHILE FARMACEUTICA LIMITADA,,Comprimido,vitaminas | minerales | multivitaminico,"Vitaminas,Minerales",c5a40177-0e56-4853-a470-e6de77bc811c
92315,Equifort Jarabe x 500ml,https://www.farmaloop.cl/products/equifort-jarabe-x-500ml-92315/,false,Suplementos y Vitaminas,Vitaminas y Minerales,,,0,Venta directa (Sin receta),LABORATORIO DRAG PHARMA CHILE INVETEC SA,,Unidad,,"Vitaminas,Minerales",c5a40177-0e56-4853-a470-e6de77bc811c
106847,Tol Total Vitaminas Jarabe 100 mL,https://www.farmaloop.cl/products/tol-total-vitaminas-jarabe-100-ml-106847/,true,Suplementos y Vitaminas,Vitaminas y Minerales,,,0,Presentación receta médica,LABORATORIOS SAVAL S A,,100 ml,vitaminas | minerales,"Vitaminas,Minerales",c5a40177-0e56-4853-a470-e6de77bc811c
16952,Supradyn Active x 30 Comprimidos,https://www.farmaloop.cl/products/supradyn-active-x-30-comprimidos-16952/,true,Suplementos y Vitaminas,Vitaminas y Minerales,,,0,Venta directa (Sin receta),BAYER S.A.,,Comprimido,vitaminas | minerales,"Vitaminas,Minerales",c5a40177-0e56-4853-a470-e6de77bc811c
129283,Pharmaton Essential,https://www.farmaloop.cl/products/pharmaton-essential-129283/,false,Suplementos y Vitaminas,Vitaminas y Minerales,,,0,Venta directa (Sin receta),SANOFI-AVENTIS DE CHILE S.A.,,Capsula,,"Vitaminas,Minerales,Aceite De Pescado",7296755f-fdcf-4f41-a791-6bd0664154cd
104363,Prenamin N Doble Acción Vitaminas 400 UI 30 Comprimidos + 30 Capsulas,https://www.farmaloop.cl/products/prenamin-n-doble-accion-vitaminas-400-ui-30-comprimidos-30-capsulas-104363/,true,Suplementos y Vitaminas,Vitaminas y Minerales,,,0,Venta directa (Sin receta),LABORATORIOS RECALCINE SA,,Capsula,,"Vitaminas,Minerales,Acido Docosahexaenoico (Dha)",c529bde3-aed3-4f09-9770-03422641bcc5
100966,Infor-E Vitaminas 440 UI x 30 Cápsulas Blandas,https://www.farmaloop.cl/products/infore-vitaminas-440-ui-x-30-capsulas-blandas-100966/,true,Suplementos y Vitaminas,Vitaminas y Minerales,,,0,Presentación receta médica,LABORATORIOS PRATER S A,,Capsula,,"Vitaminas,Minerales,Ginseng",62625fb8-4fa5-4b0d-a397-56da5de50a29
126506,Biocord Multivitamin. C/Extracto De Gins,https://www.farmaloop.cl/products/biocord-multivitamin-cextracto-de-gins-126506/,false,Suplementos y Vitaminas,Vitaminas y Minerales,,,0,Venta directa (Sin receta),PRODUCTOS FARMACEUTICOS MEDIPHARM SPA,,Capsula,,"Vitaminas,Minerales,Ginseng",62625fb8-4fa5-4b0d-a397-56da5de50a29
101215,Infor E x 39 Capsulas,https://www.farmaloop.cl/products/infor-e-x-39-capsulas-101215/,false,Suplementos y Vitaminas,Vitaminas y Minerales,,,0,Presentación receta médica,LABORATORIOS PRATER S A,,Capsula,,"Vitaminas,Minerales,Ginseng",62625fb8-4fa5-4b0d-a397-56da5de50a29
100855,Infor (Energizante),https://www.farmaloop.cl/products/infor-energizante-100855/,false,Suplementos y Vitaminas,Vitaminas y Minerales,,,0,Presentación receta médica,LABORATORIOS PRATER S A,,Capsula,,"Vitaminas,Minerales,Ginseng",62625fb8-4fa5-4b0d-a397-56da5de50a29
101230,Infor Omega 30 Capsulas,https://www.farmaloop.cl/products/infor-omega-30-capsulas-101230/,false,Suplementos y Vitaminas,Vitaminas y Minerales,,,0,Presentación receta médica,LABORATORIOS PRATER S A,,Capsula,,"Vitaminas,Minerales,Omega3",ec32c00b-16d2-439f-94b2-46f5e0757a21
139899,Activ On Kids X 30 Comp Masticables,https://www.farmaloop.cl/products/activ-on-kids-x-30-comp-masticables-139899/,true,Suplementos y Vitaminas,Vitaminas y Minerales,,,0,Venta directa (Sin receta),SUPLALIM LTDA,,Comprimido,vitaminas | minerales | probioticos,"Vitaminas,Minerales,Probióticos",88b2147f-5aa1-455a-ae8e-77108defc4e8
101238,Infortin Probiotico 30 Comprimidos,https://www.farmaloop.cl/products/infortin-probiotico-x-30-comprimidos-101238/,true,Suplementos y Vitaminas,Vitaminas y Minerales,8640,15590,5,Venta directa (Sin receta),LABORATORIOS PRATER S A,,Unidad,vitaminas | minerales | probioticos,"Vitaminas,Minerales,Probioticos",f3ff3e50-f187-4125-9bb5-cf6958f372b5
8237,"Glucerna Tpc Sabor Vainilla, tarro 850 g",https://www.farmaloop.cl/products/glucerna-tpc-vainilla-x-850-grs-8237/,true,Suplementos y Vitaminas,Suplementos,30990,33890,2,Venta directa (Sin receta),ABBOTT LABORATORIES DE CHILE LTDA.,,Tarro,vitaminas | proteinas | minerales,"Vitaminas,Proteinas,Minerales",2b4294f7-3d75-4204-acf4-b6ff5a138c0d
8221,Ensure Vainilla x 1 Unidad,https://www.farmaloop.cl/products/ensure-vainilla-x-1-unidad-8221/,false,Suplementos y Vitaminas,Suplementos,,,0,Venta directa (Sin receta),ABBOTT LABORATORIES DE CHILE LTDA.,,Unidad,,"Vitaminas,Proteinas,Minerales",2b4294f7-3d75-4204-acf4-b6ff5a138c0d
8219,Ensure Frutilla x 1 Unidad,https://www.farmaloop.cl/products/ensure-frutilla-x-1-unidad-8219/,false,Suplementos y Vitaminas,Suplementos,,,0,Venta directa (Sin receta),ABBOTT LABORATORIES DE CHILE LTDA.,,Unidad,,"Vitaminas,Proteinas,Minerales",2b4294f7-3d75-4204-acf4-b6ff5a138c0d
8228,Ensure Adv Vain x 400Grs.,https://www.farmaloop.cl/products/ensure-adv-vain-x-400grs-8228/,false,Suplementos y Vitaminas,Suplementos,,,0,Venta directa (Sin receta),ABBOTT LABORATORIES DE CHILE LTDA.,,Unidad,,"Vitaminas,Proteinas,Minerales",2b4294f7-3d75-4204-acf4-b6ff5a138c0d
8214,Glucerna Triplecare Vainilla x 900 Gr,https://www.farmaloop.cl/products/glucerna-triplecare-vainilla-x-900-gr-8214/,false,Suplementos y Vitaminas,Suplementos,,,0,Venta directa (Sin receta),ABBOTT LABORATORIES DE CHILE LTDA.,,Unidad,,"Vitaminas,Proteinas,Minerales",2b4294f7-3d75-4204-acf4-b6ff5a138c0d
100978,Multivitaminico Con Coenzima Q11,https://www.farmaloop.cl/products/multivitaminico-con-coenzima-q11-100978/,false,Suplementos y Vitaminas,Vitaminas y Minerales,,,0,Presentación receta médica,LABORATORIOS PRATER S A,,Capsula,,"Vitaminas,Q10,Minerales,Ginseng",2c52feaf-bce3-42f3-b5ba-6cf2a8e1de22
101216,Infor Q10 x 39 Capsulas,https://www.farmaloop.cl/products/infor-q10-x-39-capsulas-101216/,false,Suplementos y Vitaminas,Vitaminas y Minerales,,,0,Presentación receta médica,LABORATORIOS PRATER S A,,Capsula,,"Vitaminas,Q10,Minerales,Ginseng",2c52feaf-bce3-42f3-b5ba-6cf2a8e1de22
140599,Infortin x 30 Comprimidos Masticables,https://www.farmaloop.cl/products/infortin-x-30-comprimidos-masticables-140599/,true,Suplementos y Vitaminas,Vitaminas y Minerales,9190,12690,2,Venta directa (Sin receta),LABORATORIOS PRATER S A,,Comprimido,vitaminas | minerales,Vitaminas; Minerales,aeaec86c-2449-411a-aae5-bc8db65dd8d4
140598,Infor Pro Vegan Probiótico x 60 Comprimidos,https://www.farmaloop.cl/products/infor-pro-vegan-probiotico-x-60-comprimidos-140598/,false,Suplementos y Vitaminas,Vitaminas y Minerales,,,0,Venta directa (Sin receta),LABORATORIOS PRATER S A,,Comprimido,vitaminas | minerales | probioticos,Vitaminas; Minerales; Probioticos,376bc9a5-2b17-446a-ad62-1368d897e6a3
150144,Muno 5 x 30 Cápsulas,https://www.farmaloop.cl/products/muno-5-x-30-capsulas-150144/,true,Suplementos y Vitaminas,Suplementos,14160,20199,3,Venta directa (Sin receta),AXON PHARMA SPA,MUNO,Cápsula,vitaminas | minerales | probioticos,Vitaminas; Minerales; Probioticos,376bc9a5-2b17-446a-ad62-1368d897e6a3
83096,Naticare Lat,https://www.farmaloop.cl/products/naticare-lat-83096/,false,Suplementos y Vitaminas,Vitaminas,,,0,Presentación receta médica,ITF-LABOMED FARMACEUTICA LTDA.,,Unidad,,"Yodo,Vitamina D,Vitamina A,Omega3,Hierro,Calcio,Ac.Folico",be8d05d0-0696-40ef-bebb-5e8aa45633d6
106974,Altazinc 15 mg  40 Comprimidos,https://www.farmaloop.cl/products/altazinc-15-mg-x-40-comprimidos-106974/,true,Suplementos y Vitaminas,Suplementos,17920,22399,3,Presentación receta médica,LABORATORIOS SAVAL S A,,Comprimido,zinc,Zinc,0ac2fe99-2a36-48e9-a630-fc25a0a8b085
106975,Alta Zinc 5 mg/ml x 30 ml Solución Oral Para Gotas,https://www.farmaloop.cl/products/alta-zinc-5-mgml-x-30-ml-solucion-oral-para-gotas-106975/,true,Suplementos y Vitaminas,Vitaminas y Minerales,19590,24490,1,Venta directa (Sin receta),LABORATORIOS SAVAL S A,,100 ml,zinc,Zinc,0ac2fe99-2a36-48e9-a630-fc25a0a8b085
140327,Nutrapharm Zinc 15 mcg Nutrapharm 60 Comprimidos,https://www.farmaloop.cl/products/nutrapharm-zinc-15-mcg-x-60-comprimidos-140327/,true,Suplementos y Vitaminas,Vitaminas y Minerales,5900,7990,5,Venta directa (Sin receta),NUTRAPHARM,,Comprimido,zinc 15 mg,Zinc,0ac2fe99-2a36-48e9-a630-fc25a0a8b085
96705,Beez 10 mg x 30 Comprimidos,https://www.farmaloop.cl/products/beez-10-mg-x-30-comprimidos-96705/,false,Suplementos y Vitaminas,Suplementos,,,0,Venta directa (Sin receta),LABORATORIO PASTEUR S.A.,,Unidad,,Zinc,0ac2fe99-2a36-48e9-a630-fc25a0a8b085
138707,Zinc 15 x 60 Comprimidos,https://www.farmaloop.cl/products/zinc-15-x-60-comprimidos-138707/,false,Suplementos y Vitaminas,Suplementos,,,0,Venta directa (Sin receta),SIN COMPAÑIA,,Comprimido,zinc,Zinc,0ac2fe99-2a36-48e9-a630-fc25a0a8b085
107051,Altazinc 2.5mg/5ml Solución Oral 120ml,https://www.farmaloop.cl/products/altazinc-25mg5ml-solucion-oral-120ml-107051/,true,Suplementos y Vitaminas,Suplementos,,,0,Presentación receta médica,LABORATORIOS SAVAL S A,,100 ml,zinc,Zinc,0ac2fe99-2a36-48e9-a630-fc25a0a8b085
96707,Beez Gotas 30 ml,https://www.farmaloop.cl/products/beez-gotas-30-ml-96707/,false,Suplementos y Vitaminas,Suplementos,,,0,Venta directa (Sin receta),LABORATORIO PASTEUR S.A.,,Unidad,,Zinc,0ac2fe99-2a36-48e9-a630-fc25a0a8b085
96706,Beez Suplemento en Base a Zinc 15mg 30 Comprimidos,https://www.farmaloop.cl/products/beez-15-mg-x-30-comprimidos-96706/,true,Suplementos y Vitaminas,Vitaminas y Minerales,17500,21890,0,Venta directa (Sin receta),LABORATORIO PASTEUR S.A.,,Unidad,zinc 15 mg,Zinc,0ac2fe99-2a36-48e9-a630-fc25a0a8b085
140402,Num-Zit Zinc 10 mg 30 Comprimidos,https://www.farmaloop.cl/products/numzit-zinc-10-mg-30-comprimidos-140402/,false,Suplementos y Vitaminas,Suplementos,,,4,Venta directa (Sin receta),LABORATORIOS ANDROMACO S A,,Comprimido,zinc,Zinc,0ac2fe99-2a36-48e9-a630-fc25a0a8b085
140026,Num-Zit 10 mg x 30 Comprimidos,https://www.farmaloop.cl/products/numzit-10-mg-x-30-comprimidos-140026/,true,Medicamentos,Suplementos,,,0,Presentación receta médica,GRUNENTHAL CHILENA LTDA,,Comprimido,zinc sulfato,Zinc Sulfato,e05ef933-3081-48e7-a878-ff016bfbb1be
120743,Brolin Vitaminico x 60 Comprimidos,https://www.farmaloop.cl/products/brolin-vitaminico-x-60-comprimidos-120743/,false,Suplementos y Vitaminas,Vitaminas y Minerales,,,0,Venta directa (Sin receta),LABORATORIO MEGALABS CHILE S.A.,,Unidad,,"Zinc,Piridoxina,L-Cistina,D-Biotina",dc3e0e4e-6751-4340-baba-7d850304885d
120819,Vantux Plus Aminoacidos C/Zinc Y Biotin,https://www.farmaloop.cl/products/vantux-plus-aminoacidos-czinc-y-biotin-120819/,true,Suplementos y Vitaminas,Vitaminas y Minerales,,,0,Venta directa (Sin receta),LABORATORIO MEGALABS CHILE S.A.,,100 g,zinc | piridoxina | metionina | l-cistina | d-biotina,"Zinc,Piridoxina,Metionina,L-Cistina,D-Biotina",c14f0d72-f93e-4bea-a87a-b949cb5dc369
83089,Zincovit Plus Comprimidos,https://www.farmaloop.cl/products/zincovit-plus-comprimidos-83089/,false,Suplementos y Vitaminas,Vitaminas y Minerales,,,0,Presentación receta médica,ITF-LABOMED FARMACEUTICA LTDA.,,Comprimido,,"Zinc,Vitamina E,Vitamina D3,Vitamina D,Vitamina C,Vitamina A",08a9d32b-aae6-46fa-a10b-301c695f98a7
118427,Vitamina C 1000 mg x 20 Tabletas Efervecentes,https://www.farmaloop.cl/products/vitamina-c-1000-mg-x-20-tabletas-efervecentes-118427/,false,Suplementos y Vitaminas,Vitaminas,,,0,Venta directa (Sin receta),MUNNICH PHARMA MEDICAL LIMITADA,SPRINGLIFE,Tableta,vitamina c 1000 mg,,
46975,"Hirudoid Crema Tópica 0,3% 14 G.",https://www.farmaloop.cl/products/hirudoid-crema-topica-03-14-g-46975/,false,Suplementos y Vitaminas,Suplementos,,,0,Venta directa (Sin receta),DEUTSCHE PHARMA S.A.,,Unidad,,,d7dc9c62-5ef9-4a32-8f22-7aa038332c33
86044,Dha Mental Caja x 30 Cap.Blandas,https://www.farmaloop.cl/products/dha-mental-caja-x-30-capblandas-86044/,false,Suplementos y Vitaminas,Suplementos,,,0,Venta directa (Sin receta),KNOP LABORATORIOS S.A.,,Unidad,,,d7dc9c62-5ef9-4a32-8f22-7aa038332c33
96541,Inmucel Vitamina C + Probióticos,https://www.farmaloop.cl/products/inmucel-vitamina-c-probioticos-96541/,false,Suplementos y Vitaminas,Vitaminas y Minerales,,,0,Venta directa (Sin receta),LABORATORIO PASTEUR S.A.,,Unidad,,,d7dc9c62-5ef9-4a32-8f22-7aa038332c33
129968,Vitamina C 1000mg (Naranja) x 20 Tabletas Efervescentes (German Energy),https://www.farmaloop.cl/products/vitamina-c-1000mg-naranja-x-20-tabletas-efervescentes-german-energy-129968/,true,Suplementos y Vitaminas,Vitaminas y Minerales,3190,4290,24,Venta directa (Sin receta),SOC MEDICA IMPORTADORA Y COMERCIALIZADORA BIOPLUS SPA,,Tabletas,ac.ascorbico (vitamina c) 1000 mg,,
121909,Arnica Gel,https://www.farmaloop.cl/products/arnica-gel-121909/,false,Suplementos y Vitaminas,Suplementos,,,0,Venta directa (Sin receta),POLANCO GONZALEZ LAURA XIMENA,,Unidad,,,d7dc9c62-5ef9-4a32-8f22-7aa038332c33
48371,Globifer Forte Plus 40 Tabletas,https://www.farmaloop.cl/products/globifer-forte-plus-40-tabletas-48371/,true,Suplementos y Vitaminas,Vitaminas y Minerales,31150,38940,1,Venta directa (Sin receta),DROGUERIA FARMOQUIMICA DEL PACIFICO SPA,,40 tabletas,,,
125961,"Mucosa Compositum 2,2 Ml",https://www.farmaloop.cl/products/mucosa-compositum-22-ml-125961/,false,Suplementos y Vitaminas,Suplementos,,,0,Venta directa (Sin receta),PRODUCTOS FARMACEUTICOS HEEL CHILE LIMITADA,,Unidad,,,d7dc9c62-5ef9-4a32-8f22-7aa038332c33
105353,Caprimida Calcio Carbonato 500Mg,https://www.farmaloop.cl/products/caprimida-calcio-carbonato-500mg-105353/,false,Suplementos y Vitaminas,Suplementos,,,0,Presentación receta médica,LABORATORIOS RECALCINE SA,,,,,d7dc9c62-5ef9-4a32-8f22-7aa038332c33
126985,Vitamina E 400 Mg,https://www.farmaloop.cl/products/vitamina-e-400-mg-126985/,false,Suplementos y Vitaminas,Vitaminas y Minerales,,,0,Venta directa (Sin receta),RAMIREZ Y SANCHEZ LTDA.,,Unidad,,,d7dc9c62-5ef9-4a32-8f22-7aa038332c33
57062,Centrum Silver Hombre Cpt x 60 Btl,https://www.farmaloop.cl/products/centrum-silver-hombre-cpt-x-60-btl-57062/,false,Suplementos y Vitaminas,Vitaminas y Minerales,,,0,Venta directa (Sin receta),GLAXOSMITHKLINE CHILE FARMACEUTICA LIMITADA,,Unidad,,,d7dc9c62-5ef9-4a32-8f22-7aa038332c33
128379,Magnesio Cloruro 30 Gr,https://www.farmaloop.cl/products/magnesio-cloruro-30-gr-128379/,false,Suplementos y Vitaminas,Suplementos,,,0,Venta directa (Sin receta),REUTTER S.A.,,Unidad,,,d7dc9c62-5ef9-4a32-8f22-7aa038332c33
42114,Omega UP Ultra Pure 150 Cápsulas,https://www.farmaloop.cl/products/omega-3-up-x-150-capsulas-42114/,true,Suplementos y Vitaminas,Vitaminas y Minerales,31990,35990,12,Venta directa (Sin receta),LABORATORIO NEWSCIENCE,,Cápsula,omega 3,,
92347,Calcio Vitaminado En Plovo Para Perros,https://www.farmaloop.cl/products/calcio-vitaminado-en-plovo-para-perros-92347/,false,Suplementos y Vitaminas,Suplementos,,,0,Venta directa (Sin receta),LABORATORIO DRAG PHARMA CHILE INVETEC SA,,Unidad,,,d7dc9c62-5ef9-4a32-8f22-7aa038332c33
89507,Levadura De Cerveza En Polvo,https://www.farmaloop.cl/products/levadura-de-cerveza-en-polvo-89507/,false,Suplementos y Vitaminas,Vitaminas,,,0,Venta directa (Sin receta),LAB.RECCIUS LTDA.,,Unidad,,,d7dc9c62-5ef9-4a32-8f22-7aa038332c33
131718,Suprahyal 25 Mg Jeringa Prellenada,https://www.farmaloop.cl/products/suprahyal-25-mg-jeringa-prellenada-131718/,false,Suplementos y Vitaminas,Suplementos,,,0,Presentación receta médica,TECNOFARMA S.A.,,Jeringa Prellenada,,,d7dc9c62-5ef9-4a32-8f22-7aa038332c33
125986,Coenzyme Compositum Vet Sln Inyectable,https://www.farmaloop.cl/products/coenzyme-compositum-vet-sln-inyectable-125986/,false,Suplementos y Vitaminas,Suplementos,,,0,Presentación receta médica,PRODUCTOS FARMACEUTICOS HEEL CHILE LIMITADA,,Ampolla,,,d7dc9c62-5ef9-4a32-8f22-7aa038332c33
99664,Vitamina C 1000Mg Polvo x 10 Sobres,https://www.farmaloop.cl/products/vitamina-c-1000mg-polvo-x-10-sobres-99664/,false,Suplementos y Vitaminas,Vitaminas y Minerales,,,0,Venta directa (Sin receta),LABORATORIO MEGALABS CHILE S.A.,,Unidad,,,d7dc9c62-5ef9-4a32-8f22-7aa038332c33
52853,Hierro Sacarosa 100 Mg X 5 Ml,https://www.farmaloop.cl/products/hierro-sacarosa-100-mg-x-5-ml-52853/,true,Medicamentos,Suplementos,,,0,Venta directa (Sin receta),ETHON PHARMACEUTICALS COM.IMP.EXP Y DIST,,Unidad,,,
104139,Enterex Diabetic Vainilla x 400 gr,https://www.farmaloop.cl/products/enterex-diabetic-vainilla-x-400-gr-104139/,false,Suplementos y Vitaminas,Suplementos,,,0,Venta directa (Sin receta),LABORATORIOS RECALCINE SA,,Unidad,,,
92883,Vitamina E Pura Snip Caps Blister 11,https://www.farmaloop.cl/products/vitamina-e-pura-snip-caps-blister-11-92883/,false,Suplementos y Vitaminas,Vitaminas y Minerales,,,0,Venta directa (Sin receta),LABORATORIO EMPROQUIM SPA,,Unidad,,,d7dc9c62-5ef9-4a32-8f22-7aa038332c33
125957,Arthrozeel T x 5 Ampollas,https://www.farmaloop.cl/products/arthrozeel-t-x-5-ampollas-125957/,true,Suplementos y Vitaminas,Suplementos,21850,28699,2,Presentación receta médica,PRODUCTOS FARMACEUTICOS HEEL CHILE LIMITADA,,Ampolla,,,
92886,Vitamina E + Aloe Snip x 2 Capsulas,https://www.farmaloop.cl/products/vitamina-e-aloe-snip-x-2-capsulas-92886/,false,Suplementos y Vitaminas,Vitaminas y Minerales,,,0,Venta directa (Sin receta),LABORATORIO EMPROQUIM SPA,,Unidad,,,d7dc9c62-5ef9-4a32-8f22-7aa038332c33
92884,Vitamina E Pura Snip x 30 Capsulas,https://www.farmaloop.cl/products/vitamina-e-pura-snip-x-30-capsulas-92884/,false,Suplementos y Vitaminas,Vitaminas y Minerales,,,0,Venta directa (Sin receta),LABORATORIO EMPROQUIM SPA,,Unidad,,,
101227,Infortin Kid-Kal x 30 Comprimidos Masticables,https://www.farmaloop.cl/products/infortin-kidkal-x-30-comprimidos-masticables-101227/,true,Suplementos y Vitaminas,Vitaminas y Minerales,,,0,Venta directa (Sin receta),LABORATORIOS PRATER S A,,Unidad,,,
86039,Dha Senior Frasco X 30 Capsulas,https://www.farmaloop.cl/products/dha-senior-frasco-x-30-capsulas-86039/,false,Suplementos y Vitaminas,Suplementos,,,0,Venta directa (Sin receta),KNOP LABORATORIOS S.A.,,Unidad,,,d7dc9c62-5ef9-4a32-8f22-7aa038332c33
92863,Vitamina E-400 + Selenio,https://www.farmaloop.cl/products/vitamina-e400-selenio-92863/,false,Suplementos y Vitaminas,Vitaminas y Minerales,,,0,Venta directa (Sin receta),LABORATORIO EMPROQUIM SPA,,Unidad,,,d7dc9c62-5ef9-4a32-8f22-7aa038332c33
118572,Manzanilla Flor,https://www.farmaloop.cl/products/manzanilla-flor-118572/,false,Suplementos y Vitaminas,Suplementos,,,0,Venta directa (Sin receta),MUNNICH PHARMA MEDICAL LIMITADA,,Unidad,,,d7dc9c62-5ef9-4a32-8f22-7aa038332c33
54891,Supportan Drink Frutos Tropicales,https://www.farmaloop.cl/products/supportan-drink-frutos-tropicales-54891/,false,Suplementos y Vitaminas,Suplementos,,,0,Venta directa (Sin receta),FRESENIUS KABI CHILE LTDA.,,Unidad,,,d7dc9c62-5ef9-4a32-8f22-7aa038332c33
126996,Magnesio 500 / 60 Capsulas,https://www.farmaloop.cl/products/magnesio-500-60-capsulas-126996/,false,Suplementos y Vitaminas,Suplementos,,,0,Venta directa (Sin receta),RAMIREZ Y SANCHEZ LTDA.,,Unidad,,,d7dc9c62-5ef9-4a32-8f22-7aa038332c33
105351,Caprimida -D Balance,https://www.farmaloop.cl/products/caprimida-d-balance-105351/,false,Suplementos y Vitaminas,Suplementos,,,0,Presentación receta médica,LABORATORIOS RECALCINE SA,,,,,d7dc9c62-5ef9-4a32-8f22-7aa038332c33
125971,Pulsatilla Compositum Solucion Inyectabl,https://www.farmaloop.cl/products/pulsatilla-compositum-solucion-inyectabl-125971/,false,Suplementos y Vitaminas,Suplementos,,,0,Venta directa (Sin receta),PRODUCTOS FARMACEUTICOS HEEL CHILE LIMITADA,,Unidad,,,d7dc9c62-5ef9-4a32-8f22-7aa038332c33
92867,Magnesio 500 Mg,https://www.farmaloop.cl/products/magnesio-500-mg-92867/,false,Suplementos y Vitaminas,Suplementos,,,0,Venta directa (Sin receta),LABORATORIO EMPROQUIM SPA,,Unidad,,,d7dc9c62-5ef9-4a32-8f22-7aa038332c33
96548,Inmucel Plus x 12 Comprimidos,https://www.farmaloop.cl/products/inmucel-plus-x-12-comprimidos-96548/,false,Suplementos y Vitaminas,Vitaminas y Minerales,,,0,Venta directa (Sin receta),LABORATORIO PASTEUR S.A.,,Unidad,,,d7dc9c62-5ef9-4a32-8f22-7aa038332c33
108775,Retinol Repair Complex,https://www.farmaloop.cl/products/retinol-repair-complex-108775/,false,Suplementos y Vitaminas,Vitaminas y Minerales,,,0,Venta directa (Sin receta),MED STYLE S A,,Unidad,,,d7dc9c62-5ef9-4a32-8f22-7aa038332c33
125974,Ubichinon Compositum Solucion Inyectable,https://www.farmaloop.cl/products/ubichinon-compositum-solucion-inyectable-125974/,false,Suplementos y Vitaminas,Suplementos,,,0,Venta directa (Sin receta),PRODUCTOS FARMACEUTICOS HEEL CHILE LIMITADA,,Unidad,,,d7dc9c62-5ef9-4a32-8f22-7aa038332c33
86067,Artroplex Blister x 41Comprimidos,https://www.farmaloop.cl/products/artroplex-blister-x-41comprimidos-86067/,false,Suplementos y Vitaminas,Suplementos,,,0,Venta directa (Sin receta),KNOP LABORATORIOS S.A.,,Unidad,,,d7dc9c62-5ef9-4a32-8f22-7aa038332c33
104199,Ensoy Mini X 400 Vainilla,https://www.farmaloop.cl/products/ensoy-mini-x-400-vainilla-104199/,false,Suplementos y Vitaminas,Suplementos,,,0,Venta directa (Sin receta),LABORATORIOS RECALCINE SA,,Unidad,,,d7dc9c62-5ef9-4a32-8f22-7aa038332c33
92873,Vitamina C 1000 Mg.,https://www.farmaloop.cl/products/vitamina-c-1000-mg-92873/,false,Suplementos y Vitaminas,Vitaminas y Minerales,,,0,Venta directa (Sin receta),LABORATORIO EMPROQUIM SPA,,Unidad,,,d7dc9c62-5ef9-4a32-8f22-7aa038332c33
125960,Coenzyme Comp.Iny X 5 Ampollas,https://www.farmaloop.cl/products/coenzyme-compiny-x-5-ampollas-125960/,false,Suplementos y Vitaminas,Suplementos,,,0,Presentación receta médica,PRODUCTOS FARMACEUTICOS HEEL CHILE LIMITADA,,Ampolla,,,d7dc9c62-5ef9-4a32-8f22-7aa038332c33
57057,Centrum Adultos Multivitamínico Frasco 60 Comprimidos,https://www.farmaloop.cl/products/centrum-adulto-x-60-comprimidos-57057/,true,Suplementos y Vitaminas,Vitaminas y Minerales,,,0,Venta directa (Sin receta),GLAXOSMITHKLINE CHILE FARMACEUTICA LIMITADA,,Comprimido,multivitaminico,,
127015,Magnesio Quelado 60 cap,https://www.farmaloop.cl/products/magnesio-quelado-60-cap-127015/,false,Suplementos y Vitaminas,Suplementos,,,0,Venta directa (Sin receta),NATURAL FARM,,Unidad,,,
92862,Vitamina E-401,https://www.farmaloop.cl/products/vitamina-e401-92862/,false,Suplementos y Vitaminas,Vitaminas y Minerales,,,0,Venta directa (Sin receta),LABORATORIO EMPROQUIM SPA,,Unidad,,,d7dc9c62-5ef9-4a32-8f22-7aa038332c33
131510,Suprahyal 25 Mg Jeringa Prellenada,https://www.farmaloop.cl/products/suprahyal-25-mg-jeringa-prellenada-131510/,false,Suplementos y Vitaminas,Suplementos,,,0,Presentación receta médica,TECNOFARMA S.A.,,Jeringa Prellenada,,,d7dc9c62-5ef9-4a32-8f22-7aa038332c33
105356,Caprimida-D Duo,https://www.farmaloop.cl/products/caprimidad-duo-105356/,false,Suplementos y Vitaminas,Suplementos,,,0,Venta directa (Sin receta),LABORATORIOS RECALCINE SA,,,,,d7dc9c62-5ef9-4a32-8f22-7aa038332c33
125982,Arthrozeel Pomada X 50 Grs,https://www.farmaloop.cl/products/arthrozeel-pomada-x-50-grs-125982/,false,Suplementos y Vitaminas,Suplementos,,,0,Presentación receta médica,PRODUCTOS FARMACEUTICOS HEEL CHILE LIMITADA,,100 g,,,d7dc9c62-5ef9-4a32-8f22-7aa038332c33
85970,Turmerik Capsulas Blandas 420 Mg.,https://www.farmaloop.cl/products/turmerik-capsulas-blandas-420-mg-85970/,false,Suplementos y Vitaminas,Suplementos,,,0,Venta directa (Sin receta),KNOP LABORATORIOS S.A.,,Unidad,,,d7dc9c62-5ef9-4a32-8f22-7aa038332c33
55372,Detres 800 Ui,https://www.farmaloop.cl/products/detres-800-ui-55372/,false,Suplementos y Vitaminas,Vitaminas y Minerales,,,0,Venta directa (Sin receta),Gadorpharma SpA,,Unidad,,,d7dc9c62-5ef9-4a32-8f22-7aa038332c33
127072,Betacaroteno,https://www.farmaloop.cl/products/betacaroteno-127072/,false,Suplementos y Vitaminas,Vitaminas y Minerales,,,0,Venta directa (Sin receta),RAMIREZ Y SANCHEZ LTDA.,,Unidad,,,d7dc9c62-5ef9-4a32-8f22-7aa038332c33
42097,Genacol Antiox,https://www.farmaloop.cl/products/genacol-antiox-42097/,false,Suplementos y Vitaminas,Suplementos,,,0,Venta directa (Sin receta),COMERCIAL Y ASESORIAS LOS ULMOS LTDA.,,Unidad,,,d7dc9c62-5ef9-4a32-8f22-7aa038332c33
104191,Ensoy Adulto X 1000 Fresa,https://www.farmaloop.cl/products/ensoy-adulto-x-1000-fresa-104191/,false,Suplementos y Vitaminas,Suplementos,,,0,Venta directa (Sin receta),LABORATORIOS RECALCINE SA,,Unidad,,,d7dc9c62-5ef9-4a32-8f22-7aa038332c33
48370,Globifer Forte 40 Tabletas,https://www.farmaloop.cl/products/globifer-forte-40-tabletas-48370/,true,Suplementos y Vitaminas,Vitaminas y Minerales,33870,40410,1,Venta directa (Sin receta),DROGUERIA FARMOQUIMICA DEL PACIFICO SPA,,Tableta,,,
129029,Vitamina C-300-Depot + Zinc,https://www.farmaloop.cl/products/vitamina-c300depot-zinc-129029/,false,Suplementos y Vitaminas,Vitaminas y Minerales,,,0,Venta directa (Sin receta),SALUS FLORADIX CHILE,,Unidad,,,d7dc9c62-5ef9-4a32-8f22-7aa038332c33
126311,Biocord Active,https://www.farmaloop.cl/products/biocord-active-126311/,false,Suplementos y Vitaminas,Vitaminas y Minerales,,,0,Venta directa (Sin receta),PRODUCTOS FARMACEUTICOS MEDIPHARM SPA,,Unidad,,,d7dc9c62-5ef9-4a32-8f22-7aa038332c33
92875,Vitamina C 1000 Mg.,https://www.farmaloop.cl/products/vitamina-c-1000-mg-92875/,false,Suplementos y Vitaminas,Vitaminas y Minerales,,,0,Venta directa (Sin receta),LABORATORIO EMPROQUIM SPA,,Unidad,,,d7dc9c62-5ef9-4a32-8f22-7aa038332c33
105878,"Caleobrol Calcitrol 0,5 Mcg.",https://www.farmaloop.cl/products/caleobrol-calcitrol-05-mcg-105878/,false,Suplementos y Vitaminas,Vitaminas y Minerales,,,0,Venta directa (Sin receta),LABORATORIOS RECALCINE SA,,,,,d7dc9c62-5ef9-4a32-8f22-7aa038332c33
105734,Prenavit,https://www.farmaloop.cl/products/prenavit-105734/,false,Suplementos y Vitaminas,Vitaminas y Minerales,,,0,Venta directa (Sin receta),LABORATORIOS RECALCINE SA,,,,,d7dc9c62-5ef9-4a32-8f22-7aa038332c33
92874,Vitamina C 1000 Mg.,https://www.farmaloop.cl/products/vitamina-c-1000-mg-92874/,false,Suplementos y Vitaminas,Vitaminas y Minerales,,,0,Venta directa (Sin receta),LABORATORIO EMPROQUIM SPA,,Unidad,,,d7dc9c62-5ef9-4a32-8f22-7aa038332c33
104196,Ensoy Adulto X 400 Fresas,https://www.farmaloop.cl/products/ensoy-adulto-x-400-fresas-104196/,false,Suplementos y Vitaminas,Suplementos,,,0,Venta directa (Sin receta),LABORATORIOS RECALCINE SA,,Unidad,,,d7dc9c62-5ef9-4a32-8f22-7aa038332c33
121913,Propolkit Spray 30 Ml,https://www.farmaloop.cl/products/propolkit-spray-30-ml-121913/,false,Suplementos y Vitaminas,Suplementos,,,0,Venta directa (Sin receta),POLANCO GONZALEZ LAURA XIMENA,,Unidad,,,d7dc9c62-5ef9-4a32-8f22-7aa038332c33
110510,Fortotal Multi-V Hombre x 60 Comprimidos,https://www.farmaloop.cl/products/fortotal-multiv-hombre-x-60-comprimidos-110510/,true,Suplementos y Vitaminas,Vitaminas y Minerales,,,0,Venta directa (Sin receta),MEDICAL INTERNATIONAL LABORATORIES CORPORATION S.A.,,Comprimido,multivitaminico,,
90001,Previdol Cor,https://www.farmaloop.cl/products/previdol-cor-90001/,false,Suplementos y Vitaminas,Suplementos,,,0,Venta directa (Sin receta),LABORATORIO BAGO DE CHILE S.A.,,Comprimido,,,d7dc9c62-5ef9-4a32-8f22-7aa038332c33
92866,Zinc With Bec,https://www.farmaloop.cl/products/zinc-with-bec-92866/,false,Suplementos y Vitaminas,Suplementos,,,0,Venta directa (Sin receta),LABORATORIO EMPROQUIM SPA,,Unidad,,,d7dc9c62-5ef9-4a32-8f22-7aa038332c33
121901,Carduus Mar T.M. 30 Ml,https://www.farmaloop.cl/products/carduus-mar-tm-30-ml-121901/,false,Suplementos y Vitaminas,Suplementos,,,0,Venta directa (Sin receta),POLANCO GONZALEZ LAURA XIMENA,,Unidad,,,d7dc9c62-5ef9-4a32-8f22-7aa038332c33
106121,Sugafor Dispensador De 330 Tabletas,https://www.farmaloop.cl/products/sugafor-dispensador-de-330-tabletas-106121/,false,Suplementos y Vitaminas,Suplementos,,,0,Venta directa (Sin receta),LABORATORIOS RECALCINE SA,,,,,d7dc9c62-5ef9-4a32-8f22-7aa038332c33
104744,Prenamin Pro X30,https://www.farmaloop.cl/products/prenamin-pro-x30-104744/,false,Suplementos y Vitaminas,Vitaminas y Minerales,,,0,Venta directa (Sin receta),LABORATORIOS RECALCINE SA,,Unidad,,,
125968,Galium Heel Gotas,https://www.farmaloop.cl/products/galium-heel-gotas-125968/,false,Suplementos y Vitaminas,Suplementos,,,0,Venta directa (Sin receta),PRODUCTOS FARMACEUTICOS HEEL CHILE LIMITADA,,,,,d7dc9c62-5ef9-4a32-8f22-7aa038332c33
127089,Manzanilla,https://www.farmaloop.cl/products/manzanilla-127089/,false,Suplementos y Vitaminas,Suplementos,,,0,Venta directa (Sin receta),RAMIREZ Y SANCHEZ LTDA.,,Unidad,,,d7dc9c62-5ef9-4a32-8f22-7aa038332c33
92876,Vitamina E-401,https://www.farmaloop.cl/products/vitamina-e401-92876/,false,Suplementos y Vitaminas,Vitaminas y Minerales,,,0,Venta directa (Sin receta),LABORATORIO EMPROQUIM SPA,,Unidad,,,d7dc9c62-5ef9-4a32-8f22-7aa038332c33
16120,Vitamina C 500 Mg Masticable,https://www.farmaloop.cl/products/vitamina-c-500-mg-masticable-16120/,false,Suplementos y Vitaminas,Vitaminas y Minerales,,,0,Venta directa (Sin receta),B Y B FARMACEUTICA LTDA,,Unidad,,,d7dc9c62-5ef9-4a32-8f22-7aa038332c33
86510,"Cianocobalamina 0,1 mg / 1ml x 100 Ampollas",https://www.farmaloop.cl/products/cianocobalamina-01-mg-1ml-x-100-ampollas-86510/,false,Suplementos y Vitaminas,Vitaminas,,,0,Presentación receta médica,LAB.BIOSANO S.A.,,Ampolla,"cianocobalamina 0,1 mg",,
150443,Nutrapharm Vitamina K2 75 mcg x 60 Cápsulas,https://www.farmaloop.cl/products/nutrapharm-vitamina-k2-75-mcg-x-60-capsulas-150443/,true,Suplementos y Vitaminas,Vitaminas y Minerales,6990,8990,9,Venta directa (Sin receta),NUTRAPHARM,,Cápsula,,,
150464,Bonavid 50.000UI x 4 Cápsulas Blandas,https://www.farmaloop.cl/products/bonavid-50000ui-x-4-capsulas-blandas-150464/,true,Suplementos y Vitaminas,Vitaminas y Minerales,18790,24640,1,Presentación receta médica,LABORATORIO PASTEUR S.A.,,Cápsula,colecalciferol 5000 UI,,
150471,Protectum 250mg x 30 cápsulas,https://www.farmaloop.cl/products/protectum-250mg-x-30-capsulas-150471/,false,Suplementos y Vitaminas,Suplementos,,,0,Venta directa (Sin receta),LABORATORIO PASTEUR S.A.,,Cápsula,,,
150483,Mini Vitaminas Zinc + Calcio x 20 Tabletas Efervescentes,https://www.farmaloop.cl/products/mini-vitaminas-zinc-calcio-x-20-tabletas-efervescentes-150483/,true,Suplementos y Vitaminas,Vitaminas y Minerales,,,11,Venta directa (Sin receta),SOC MEDICA IMPORTADORA Y COMERCIALIZADORA BIOPLUS SPA,,Tableta,multivitaminas 82 g,,
150484,Citrato de magnesio x 60 Capsulas,https://www.farmaloop.cl/products/citrato-de-magnesio-x-60-capsulas-150484/,false,Suplementos y Vitaminas,Suplementos,,,0,Venta directa (Sin receta),FNL,,Cápsula,citrato de magnesio 350 mg,,
150485,Citrato de magnesio x 90 Cápsulas,https://www.farmaloop.cl/products/citrato-de-magnesio-x-90-capsulas-150485/,false,Suplementos y Vitaminas,Suplementos,,,0,Venta directa (Sin receta),FNL,,Cápsula,citrato de magnesio 350 mg,,
150487,Picolinato de Cromo + Vit C + Azafran x 60 Capsulas,https://www.farmaloop.cl/products/picolinato-de-cromo-vit-c-azafran-x-60-capsulas-150487/,false,Suplementos y Vitaminas,Vitaminas y Minerales,,,0,Venta directa (Sin receta),FNL,,Cápsula,,,
150513,Citrato de Magnesio x 90 Cápsulas,https://www.farmaloop.cl/products/citrato-de-magnesio-x-90-capsulas-150513/,false,Suplementos y Vitaminas,Suplementos,8180,0,0,Venta directa (Sin receta),LABORATORIO GREEN MEDICAL,,Cápsula,citrato de magnesio 500 mg,,
150554,Detres D3 800 UI x 60 Comprimidos,https://www.farmaloop.cl/products/detres-d3-800-ui-x-60-comprimidos-150554/,true,Suplementos y Vitaminas,Vitaminas y Minerales,9990,23990,8,Venta directa (Sin receta),Gadorpharma SpA,DETRES,Comprimido,,,
150555,Detres Vitamina D3 800 UI x 100 Comprimidos,https://www.farmaloop.cl/products/detres-vitamina-d3-800-ui-x-100-comprimidos-150555/,false,Suplementos y Vitaminas,Vitaminas,7990,29990,0,Venta directa (Sin receta),Gadorpharma SpA,DETRES,Comprimido,vitamina d3 800 UI,,
150567,Inmuno Boost Adultos Nutrapharm 30 Comprimidos Masticables,https://www.farmaloop.cl/products/inmuno-boost-adultos-x-30-comprimidos-masticables-150567/,true,Suplementos y Vitaminas,Vitaminas y Minerales,5990,11895,12,Venta directa (Sin receta),NUTRAPHARM,,Comprimido,,,
150568,Inmuno Boost Niños Nutrapharm 30 Comprimidos Masticables,https://www.farmaloop.cl/products/inmuno-boost-ninos-x-30-comprimidos-masticables-150568/,true,Suplementos y Vitaminas,Suplementos,5990,8990,2,Venta directa (Sin receta),NUTRAPHARM,,Comprimido,,,
150572,Clorofila 200mg x 60 Capsulas,https://www.farmaloop.cl/products/clorofila-200mg-x-60-capsulas-150572/,false,Suplementos y Vitaminas,Suplementos,,,0,Venta directa (Sin receta),LABORATORIO SCL,,Cápsula,,,
150574,VCal-D x 60 Capsulas,https://www.farmaloop.cl/products/vcald-x-60-capsulas-150574/,false,Suplementos y Vitaminas,Suplementos,,,0,Venta directa (Sin receta),LABORATORIO SCL,,Cápsula,,,
150575,Vitaflora Plus x 30 Capsulas,https://www.farmaloop.cl/products/vitaflora-plus-x-30-capsulas-150575/,false,Suplementos y Vitaminas,Suplementos,,,0,Venta directa (Sin receta),LABORATORIO SCL,,Cápsula,,,
150675,Vitamina B12 12 mcg Sunvit 60 Cápsulas,https://www.farmaloop.cl/products/vitamin-b12-sunvit-12-mcg-x-60-capsulas-150675/,true,Suplementos y Vitaminas,Vitaminas y Minerales,9990,11990,8,Venta directa (Sin receta),SOC. COM. NLS NUTRALINE SUPLEMENT LTDA.,,Cápsula,cianocobalamina (vit b12) 12 mcg,,
150689,Alta D 1000 Ui x 30 Cápsulas,https://www.farmaloop.cl/products/alta-d-1000-ui-x-30-capsulas-150689/,false,Suplementos y Vitaminas,Vitaminas y Minerales,,,0,Presentación receta médica,EUROFARMA CHILE S.A.,,Cápsula,colecalciferol 1000 UI,,
150690,Alta D 15000 UI x 4 Cápsulas,https://www.farmaloop.cl/products/alta-d-15000-ui-x-4-capsulas-150690/,false,Suplementos y Vitaminas,Vitaminas y Minerales,,,0,Presentación receta médica,EUROFARMA CHILE S.A.,,Cápsula,colecalciferol 15000 UI,,
150697,Enterex espesante x 227 gr,https://www.farmaloop.cl/products/enterex-espesante-x-227-gr-150697/,true,Suplementos y Vitaminas,Suplementos,10990,10990,0,Venta directa (Sin receta),LABORATORIO MEGALABS CHILE S.A.,ENTEREX,Unidad,,,
150702,Infortin Gotas Vitaminas ACD 30ml ,https://www.farmaloop.cl/products/infortin-gotas-acd-x-30ml-150702/,true,Suplementos y Vitaminas,Vitaminas y Minerales,4500,11890,2,Venta directa (Sin receta),LABORATORIOS PRATER S A,INFORTIN,Unidad,,,
150727,Cranberry x 60 Cápsulas ,https://www.farmaloop.cl/products/cranberry-x-60-capsulas-150727/,true,Suplementos y Vitaminas,Vitaminas y Minerales,3990,6290,0,Venta directa (Sin receta),NATURAL FARM,,Cápsula,,,
150732,Cranberry x 60 Cápsulas,https://www.farmaloop.cl/products/cranberry-x-60-capsulas-150732/,true,Suplementos y Vitaminas,Vitaminas y Minerales,,,0,Venta directa (Sin receta),ALL MEDICAL DEVICES,,Cápsula,,,
150737,Aloe Vera Gel x 1 Litro ,https://www.farmaloop.cl/products/aloe-vera-gel-x-1-litro-150737/,true,Suplementos y Vitaminas,Suplementos,,,0,Venta directa (Sin receta),GREEN MEDICAL,,Unidad,aloe vera 1000 ml,,
150748,Eritrofer Complex x 30 Comprimidos,https://www.farmaloop.cl/products/eritrofer-complex-x-30-comprimidos-150748/,true,Suplementos y Vitaminas,Vitaminas y Minerales,,,0,Presentación receta médica,DEUTSCHE PHARMA S.A.,ERITROFER,Comprimido,hierro | acido folico | cianocobalamina(b12),,
150766,Infor Vit B12 x 30 ml Gotas,https://www.farmaloop.cl/products/infor-vit-b12-x-30-ml-gotas-150766/,false,Suplementos y Vitaminas,Vitaminas y Minerales,,,0,Venta directa (Sin receta),LABORATORIOS PRATER S A,INFORVIT,Unidad,,,
150777,BIOSUL 40 MG  X 30 CAPSULAS,https://www.farmaloop.cl/products/biosul-40-mg-x-30-capsulas-150777/,false,Suplementos y Vitaminas,Suplementos,12290,22695,0,Venta directa (Sin receta),ITF-LABOMED FARMACEUTICA LTDA.,,Cápsula,colágeno,,
150819,Vitamina C 500 mg x 30 Comprimidos,https://www.farmaloop.cl/products/vitamina-c-500-mg-x-30-comprimidos-150819/,false,Suplementos y Vitaminas,Vitaminas y Minerales,,,0,Venta directa (Sin receta),MDC HEALTH SPA,,Comprimido,vitamina c 500 mg,,
150844,Vitamina C 500 mg x 60 Comprimidos Recubiertos,https://www.farmaloop.cl/products/vitamina-c-500-mg-x-60-comprimidos-recubiertos-150844/,false,Suplementos y Vitaminas,Vitaminas,,,0,Venta directa (Sin receta),SEMANN SPA,AMERICAN NUTRITION,Comprimido,acido ascorbico 500 mg,,
150845,Vitamina C 500 mg x 30 Comprimidos Masticables,https://www.farmaloop.cl/products/vitamina-c-500-mg-x-30-comprimidos-masticables-150845/,false,Suplementos y Vitaminas,Vitaminas y Minerales,,,0,Venta directa (Sin receta),MDC HEALTH SPA,,Comprimido,acido ascorbico 500 mg,,
150846,Vitamina C 1000 mg x 30 Comprimidos Masticables,https://www.farmaloop.cl/products/vitamina-c-1000-mg-x-30-comprimidos-masticables-150846/,false,Suplementos y Vitaminas,Vitaminas y Minerales,,,0,Venta directa (Sin receta),MDC HEALTH SPA,,Comprimido,acido ascorbico 1000 mg,,
150867,Vitamina C 1000 mg + 100 mg Bioflavonoides x 100 Cápsulas Vegetales,https://www.farmaloop.cl/products/vitamina-c-1000-mg-100-mg-bioflavonoides-x-100-capsulas-vegetales-150867/,false,Suplementos y Vitaminas,Vitaminas y Minerales,,,0,Venta directa (Sin receta),NOW FOODS CHILE,,Cápsula,vitamina c 1000 mg | bioflavonoides 100 mg,,
150881,Cranberry 500 mg x 60 Cápsulas,https://www.farmaloop.cl/products/cranberry-500-mg-x-60-capsulas-150881/,false,Suplementos y Vitaminas,Suplementos,,,0,Venta directa (Sin receta),FNL,,Cápsula,cranberry 500 mg,,
150882,Potasio Citrato 500 mg x 90 Cápsulas,https://www.farmaloop.cl/products/potasio-citrato-500-mg-x-90-capsulas-150882/,false,Suplementos y Vitaminas,Suplementos,,,0,Venta directa (Sin receta),FNL,,Cápsula,potasio citrato 500 g,,
150919,Citrato de Magnesio x 60 Cápsulas,https://www.farmaloop.cl/products/citrato-de-magnesio-x-60-capsulas-150919/,false,Suplementos y Vitaminas,Suplementos,,,0,Venta directa (Sin receta),LABORATORIO RAVEPHARMA S.A.,AMERICAN NUTRITION,Cápsula,citrato de magnesio 300 mg,,
150921,Vitalce Vitamina C 500 mg x 60 Comprimidos,https://www.farmaloop.cl/products/vitalce-vitamina-c-500-mg-x-60-comprimidos-150921/,false,Suplementos y Vitaminas,Vitaminas y Minerales,,,0,Venta directa (Sin receta),LABORATORIO VALMA LIMITADA,,Comprimido,ac.ascorbico (vitamina c) 500 mg,,
150936,B-Complex x 60 Cápsulas (Natural Farm),https://www.farmaloop.cl/products/bcomplex-x-60-capsulas-natural-farm-150936/,false,Suplementos y Vitaminas,Vitaminas y Minerales,,,0,Venta directa (Sin receta),MBH NATURAL CARE SPA,,Cápsula,vitamina b,,
150953,L-Citrulline Malate 750 mg  x 60 Cápsulas,https://www.farmaloop.cl/products/lcitrulline-malate-750-mg-x-60-capsulas-150953/,true,Suplementos y Vitaminas,Suplementos,,,0,Venta directa (Sin receta),LABORATORIO SWANSON CHILE,,Cápsula,l-citrulline 750 mg,,
150959,Neurobionta Advance x 60 Comprimidos Recubiertos,https://www.farmaloop.cl/products/neurobionta-advance-x-60-comprimidos-recubiertos-150959/,true,Suplementos y Vitaminas,Suplementos,28990,34090,4,Venta directa (Sin receta),PROCTER & GAMBLE CHILE LTDA.,,Comprimido,cobalamina (vitamina b12),,
150972,Citrato de Potasio 500 mg x 60 Cápsulas,https://www.farmaloop.cl/products/citrato-de-potasio-500-mg-x-60-capsulas-150972/,false,Suplementos y Vitaminas,Suplementos,,,0,Venta directa (Sin receta),LABORATORIO GREEN MEDICAL,,Cápsula,citrato de potasio 500 mg,,
150980,Cranberries x 30 Cápsulas,https://www.farmaloop.cl/products/cranberries-x-30-capsulas-150980/,true,Suplementos y Vitaminas,Suplementos,,,0,Venta directa (Sin receta),PRONAT LABS CHILE,,Cápsula,cranberry,,
150981,Metamucil x 174 gr,https://www.farmaloop.cl/products/metamucil-x-174-gr-150981/,true,Suplementos y Vitaminas,Suplementos,,,0,Venta directa (Sin receta),PROCTER & GAMBLE CHILE LTDA.,,Tarro,,,
150996,Ergosel D x 60 Cápsulas,https://www.farmaloop.cl/products/ergosel-d-x-60-capsulas-150996/,false,Suplementos y Vitaminas,Suplementos,15850,22490,0,Venta directa (Sin receta),ITF-LABOMED FARMACEUTICA LTDA.,,Cápsula,suplemento alimentario,,
150997,Vitamina D 800 UI x 60 Comprimidos,https://www.farmaloop.cl/products/vitamina-d-800-ui-x-60-comprimidos-150997/,false,Suplementos y Vitaminas,Vitaminas y Minerales,,,0,Venta directa (Sin receta),MDC HEALTH SPA,,Comprimido,vitamina d 800 UI,,
151029,Deblax Vitamina D3 100.000UI 2 Cápsulas Blandas,https://www.farmaloop.cl/products/deblax-100000-ui-x-2-capsulas-blandas-151029/,true,Suplementos y Vitaminas,Vitaminas y Minerales,23990,35090,3,Presentación receta médica,ADIUM-TECNOFARMA S.A.,,Cápsula,vitamina d3 100000 UI,,
151037,Regenesis Ultra x 30 Cápsulas,https://www.farmaloop.cl/products/regenesis-ultra-x-30-capsulas-151037/,true,Suplementos y Vitaminas,Suplementos,18390,25290,10,Venta directa (Sin receta),EXELTIS CHILE SPA,,Cápsula,hierro 25 mg | omega 3 359 mg | calciferol (vitamina d) 800 UI,,
151053,Inmunex Plus Sachet Vainilla Late x 131 gr,https://www.farmaloop.cl/products/inmunex-plus-sachet-vainilla-late-x-131-gr-151053/,true,Suplementos y Vitaminas,Suplementos,,,0,Venta directa (Sin receta),LABORATORIO MEGALABS CHILE S.A.,,Sobre,,,
151099,Vitamina C 100 mg x 100 Comprimidos,https://www.farmaloop.cl/products/vitamina-c-100-mg-x-100-comprimidos-151099/,false,Suplementos y Vitaminas,Vitaminas,,,0,Venta directa (Sin receta),LABORATORIO SPRINGLIFE,SPRINGLIFE,Comprimido,vitamina c 100 mg,,
151101,Zinc 15 mg x 30 Cápsulas,https://www.farmaloop.cl/products/zinc-15-mg-x-30-capsulas-151101/,false,Suplementos y Vitaminas,Vitaminas y Minerales,,,0,Venta directa (Sin receta),LABORATORIO SPRINGLIFE,,Cápsula,zinc 15 mg,,
151102,B-Complex x 90 Cápsulas,https://www.farmaloop.cl/products/bcomplex-x-90-capsulas-151102/,false,Suplementos y Vitaminas,Vitaminas y Minerales,,,0,Venta directa (Sin receta),FNL,,Cápsula,cianocobalamina(vitamina b12),,
151104,Nutrapharm Vitamina C 500 mg x 60 Comprimidos,https://www.farmaloop.cl/products/nutrapharm-vitamina-c-500-mg-x-60-comprimidos-151104/,true,Suplementos y Vitaminas,Vitaminas y Minerales,5590,6990,0,Venta directa (Sin receta),NUTRAPHARM,,Comprimido,vitamina c 500 mg,,
151105,Magnesio Quelado x 60 Cápsulas,https://www.farmaloop.cl/products/magnesio-quelado-x-60-capsulas-151105/,true,Suplementos y Vitaminas,Vitaminas y Minerales,3120,8500,0,Venta directa (Sin receta),FNL,,Cápsula,magnesio,,
151119,Vitamina E 400 UI x 60 Cápsulas,https://www.farmaloop.cl/products/vitamina-e-400-ui-x-60-capsulas-151119/,false,Suplementos y Vitaminas,Vitaminas y Minerales,,,0,Venta directa (Sin receta),LABORATORIO RAVEPHARMA S.A.,AMERICAN NUTRITION,Cápsula,alfa tocoferol (vitamina e) 400 UI,,
15029384,Vitamin UP Multivit Mental Complejo B x 60 Cápsulas,https://www.farmaloop.cl/products/vitamin-up-multivit-mental-complejo-b-x-60-capsulas-15029384/,true,Suplementos y Vitaminas,Vitaminas,,,0,Venta directa (Sin receta),LABORATORIO NEWSCIENCE,NEWSCIENCE,Cápsula,,,
151128,Deltius Solución Oral 100.000 UI x 1 Ampolla,https://www.farmaloop.cl/products/deltius-solucion-oral-100000-ui-x-1-ampolla-151128/,false,Suplementos y Vitaminas,Vitaminas,,,0,Presentación receta médica,ITF-LABOMED FARMACEUTICA LTDA.,,Ampolla,colecalciferol 100000 UI,,
151129,Deltius Solución Oral 100.000 x 4 Ampollas,https://www.farmaloop.cl/products/deltius-solucion-oral-100000-x-4-ampollas-151129/,false,Suplementos y Vitaminas,Vitaminas y Minerales,,,0,Presentación receta médica,ITF-LABOMED FARMACEUTICA LTDA.,,Ampolla,colecalciferol 100000 UI,,
151130,Deltius Solución Oral 25.000 UI X 4 Ampollas,https://www.farmaloop.cl/products/deltius-solucion-oral-25000-ui-x-4-ampollas-151130/,false,Suplementos y Vitaminas,Vitaminas y Minerales,,,0,Presentación receta médica,ITF-LABOMED FARMACEUTICA LTDA.,,Ampolla,colecalciferol 25000 UI,,
151131,Deltius Solución Oral 50.000 x 4 Ampollas,https://www.farmaloop.cl/products/deltius-solucion-oral-50000-x-4-ampollas-151131/,false,Suplementos y Vitaminas,Vitaminas y Minerales,,,0,Presentación receta médica,ITF-LABOMED FARMACEUTICA LTDA.,,Ampolla,colecalciferol 50000 UI,,
151144,Vitamin UP Multivit Energía & Defensas x 60 Cápsulas,https://www.farmaloop.cl/products/vitamin-up-multivit-energia-defensas-x-60-capsulas-151144/,true,Suplementos y Vitaminas,Vitaminas,,,0,Venta directa (Sin receta),LABORATORIO NEWSCIENCE,VITAMIN UP,Cápsula,multivitaminico,,
151145,Vitamin UP Vitamina E x 60 Cápsulas,https://www.farmaloop.cl/products/vitamin-up-vitamina-e-x-60-capsulas-151145/,true,Suplementos y Vitaminas,Vitaminas,,,0,Venta directa (Sin receta),LABORATORIO NEWSCIENCE,VITAMIN UP,Cápsula,alfa tocoferol (vitamina e),,
151147,Vitamin UP Multivit Adult 60 Cápsulas,https://www.farmaloop.cl/products/vitamin-up-multivit-adult-x-60-capsulas-151147/,true,Suplementos y Vitaminas,Vitaminas y Minerales,,,0,Venta directa (Sin receta),LABORATORIO NEWSCIENCE,VITAMIN UP,Cápsula,multivitaminico,,
151161,Bion 3 Senior x 30 + 30 Comprimidos,https://www.farmaloop.cl/products/bion-3-senior-x-30-30-comprimidos-151161/,true,Suplementos y Vitaminas,Vitaminas y Minerales,,,0,Venta directa (Sin receta),MERCK S.A.,,Comprimido,multivitaminico,,
158870,Infor Vitamina C 1000g 60 comprimidos,https://www.farmaloop.cl/products/infor-vitamina-c-1000g-60-comprimidos-158870/,true,Suplementos y Vitaminas,Vitaminas y Minerales,,,0,Venta directa (Sin receta),LABORATORIOS PRATER S A,,Comprimido,,,
158877,Zinc 15 mg x 60 comp.,https://www.farmaloop.cl/products/zinc-15-mg-x-60-comp-158877/,false,Suplementos y Vitaminas,Suplementos,,,0,Venta directa (Sin receta),LABORATORIO SCL,,Cápsula,,,
158884,Cranberry 500 mg x 60 Cap,https://www.farmaloop.cl/products/cranberry-500-mg-x-60-cap-158884/,true,Suplementos y Vitaminas,Suplementos,,,0,Venta directa (Sin receta),LABORATORIO GREEN MEDICAL,,Comprimido,,,
158885,Magnesio Quelado x 60 Cap,https://www.farmaloop.cl/products/magnesio-quelado-x-60-cap-158885/,true,Suplementos y Vitaminas,Vitaminas y Minerales,4990,6990,3,Venta directa (Sin receta),NATURAL FARM,,Cápsula,,,
158886,Omega 3-6-9 1000 mg x 60 cap Soft gel,https://www.farmaloop.cl/products/omega-369-1000-mg-x-60-cap-soft-gel-158886/,false,Suplementos y Vitaminas,Vitaminas y Minerales,,,0,Venta directa (Sin receta),AURAVITALIS LAB,,Cápsula,,,
158887,Vitamina C Eferv. Sabor a Naranja 1000 mg x 20 German Energy,https://www.farmaloop.cl/products/vitamina-c-eferv-sabor-a-naranja-1000-mg-x-20-german-energy-158887/,true,Suplementos y Vitaminas,Vitaminas y Minerales,,,0,Venta directa (Sin receta),SOC MEDICA IMPORTADORA Y COMERCIALIZADORA BIOPLUS SPA,,Tableta,,,
158888,Vitamina E 400 mg x 30 cap,https://www.farmaloop.cl/products/vitamina-e-400-mg-x-30-cap-158888/,false,Suplementos y Vitaminas,Vitaminas y Minerales,,,0,Venta directa (Sin receta),American Nutrition,,Cápsula,,,
158889,Pediasure Líquido Complete Vainilla x 220 ml,https://www.farmaloop.cl/products/pediasure-liquido-complete-vainilla-x-220-ml-158889/,true,Suplementos y Vitaminas,Suplementos,,,0,Venta directa (Sin receta),Abbout Nutrition,,Envase unidosis,,,
158891,Gummies Colageno + Biotina + Vitamina C 30 gomitas,https://www.farmaloop.cl/products/gummies-colageno-biotina-vitamina-c-30-gomitas-158891/,false,Suplementos y Vitaminas,Suplementos,5410,8990,0,Venta directa (Sin receta),LABORATORIO GREEN MEDICAL,,Caramelo,,,
158921,Vitamina D3 800UI 60 Cápsulas,https://www.farmaloop.cl/products/vitamina-d3-800ui-60-capsulas-158921/,false,Suplementos y Vitaminas,Vitaminas y Minerales,3460,5900,0,Venta directa (Sin receta),LABORATORIO GREEN MEDICAL,,Cápsula,,,
158922,Vitamina D3 800 UI 60 cápsulas,https://www.farmaloop.cl/products/vitamina-d3-800-ui-60-capsulas-158922/,false,Suplementos y Vitaminas,Vitaminas y Minerales,3520,10490,0,Venta directa (Sin receta),AURAVITALIS LAB,,Cápsula,,,
158925,Vitamina C Sabor Berries,https://www.farmaloop.cl/products/vitamina-c-sabor-berries-158925/,true,Suplementos y Vitaminas,Vitaminas y Minerales,3430,4290,20,Venta directa (Sin receta),SOC MEDICA IMPORTADORA Y COMERCIALIZADORA BIOPLUS SPA,,Cápsula,,,
158926,Omega 3 Up x 60 Cap,https://www.farmaloop.cl/products/omega-3-up-x-60-cap-158926/,false,Suplementos y Vitaminas,Vitaminas,16460,0,0,Venta directa (Sin receta),LABORATORIO NEWSCIENCE,,,,,
158928,Pack de Colágeno con Vitamina C + Zinc,https://www.farmaloop.cl/products/pack-de-colageno-con-vitamina-c-zinc-158928/,false,Suplementos y Vitaminas,Vitaminas,,,0,Venta directa (Sin receta),SIN COMPAÑIA,,Unidad,,,
158930,Nutrapharm Gummies Biotina Plus x 60 unidades,https://www.farmaloop.cl/products/nutrapharm-gummies-biotina-plus-x-60-unidades-158930/,true,Suplementos y Vitaminas,Vitaminas y Minerales,10980,16999,2,Venta directa (Sin receta),NUTRAPHARM,,Unidad,,,
158931,Nutrapharm Citrato de Magnesio 400mg x 60 Cápsulas,https://www.farmaloop.cl/products/nutrapharm-citrato-de-magnesio-400mg-x-60-capsulas-158931/,true,Suplementos y Vitaminas,Vitaminas y Minerales,6900,9990,8,Venta directa (Sin receta),NUTRAPHARM,,Comprimido,,,
158933,Nutrapharm Gummies L-triptófano x 60 unidaes,https://www.farmaloop.cl/products/nutrapharm-gummies-ltriptofano-x-60-unidaes-158933/,true,Suplementos y Vitaminas,Vitaminas y Minerales,10990,16999,6,Venta directa (Sin receta),NUTRAPHARM,,Unidad,,,
158934,Nutrapharm Gummies Citrato Magnesio x 60 unidades,https://www.farmaloop.cl/products/nutrapharm-gummies-citrato-magnesio-x-60-unidades-158934/,true,Suplementos y Vitaminas,Vitaminas y Minerales,10990,16999,5,Venta directa (Sin receta),NUTRAPHARM,,Unidad,citrato de magnesio 165 mg,,
158935,Nutrapharm Gummies Multivitamínico x 60 unidades,https://www.farmaloop.cl/products/nutrapharm-gummies-multivitaminico-x-60-unidades-158935/,true,Suplementos y Vitaminas,Vitaminas y Minerales,7990,16999,9,Venta directa (Sin receta),NUTRAPHARM,,Caramelo,,,
158951,Abecidin ACD 30 ml Solución Oral Para Gotas (Cenabast),https://www.farmaloop.cl/products/abecidin-acd-x-30-ml-solucion-oral-para-gotas-cenabast-158951/,true,Suplementos y Vitaminas,Vitaminas y Minerales,,,0,Venta directa (Sin receta),LABORATORIO PASTEUR S.A.,,Unidad,,,
158969,Hierro 25mg Solgar 90 Cápsulas,https://www.farmaloop.cl/products/-solgar-hierro-25mg-x-90-capsulas-158969/,true,Suplementos y Vitaminas,Vitaminas y Minerales,15990,19990,0,Venta directa (Sin receta),SOC. COM. NLS NUTRALINE SUPLEMENT LTDA.,,Cápsula,hierro 25 mg,,
158984,Zinc Tab efervescente 20mg x 20 Unidades.,https://www.farmaloop.cl/products/zinc-tab-efervescente-20mg-x-20-unidades-158984/,false,Suplementos y Vitaminas,Vitaminas y Minerales,,,0,Venta directa (Sin receta),Nutrazul,,Tableta,,,
158985,Vitamina B12 Veganas Natural Farm 60 Cápsulas ,https://www.farmaloop.cl/products/vitamina-b12-veganas-x-60-capsulas-natural-farm-158985/,true,Suplementos y Vitaminas,Vitaminas y Minerales,,,0,Venta directa (Sin receta),NATURAL FARM,,Cápsula,,,
158992,Infor Pro Senior 60 Comprimidos Recubiertos,https://www.farmaloop.cl/products/infor-pro-senior-60-comprimidos-recubiertos-158992/,true,Suplementos y Vitaminas,Vitaminas y Minerales,11990,14999,3,Venta directa (Sin receta),LABORATORIOS PRATER S A,,Comprimido,multivitaminas y minerales,,
158993,Infor Pro Mujer 30 Comprimidos Recubiertos,https://www.farmaloop.cl/products/infor-pro-mujer-30-comprimidos-recubiertos-158993/,true,Suplementos y Vitaminas,Vitaminas y Minerales,8800,11690,3,Venta directa (Sin receta),LABORATORIOS PRATER S A,,Comprimido,multivitaminas y minerales,,
158994,Infor Pro Beauty 60 Cápsulas,https://www.farmaloop.cl/products/-infor-pro-beauty-x-60-capsulas-158994/,true,Suplementos y Vitaminas,Suplementos,11600,16990,1,Venta directa (Sin receta),LABORATORIOS PRATER S A,,Cápsula,multivitaminas y minerales,,
158997,Propóleo spray tradicional sabor menta 30ml ,https://www.farmaloop.cl/products/propoleo-spray-tradicional-sabor-menta-30ml-158997/,false,Suplementos y Vitaminas,Suplementos,,,0,Venta directa (Sin receta),LABORATORIO SPRINGLIFE,SPRINGLIFE,Unidad,,,
159001,Zinc citrato 20 mg x 30 caps,https://www.farmaloop.cl/products/zinc-citrato-20-mg-x-30-caps-159001/,true,Suplementos y Vitaminas,Vitaminas,,,0,Venta directa (Sin receta),KNOP LABORATORIOS S.A.,,Cápsula,,,
159002,Vitamina C 1000 mg 20 com eferv x 9 tubos,https://www.farmaloop.cl/products/vitamina-c-1000-mg-20-com-eferv-x-9-tubos-159002/,false,Suplementos y Vitaminas,Vitaminas,,,0,Venta directa (Sin receta),MDC HEALTH SPA,,Tableta,,,
159018,Cúrcuma + Pimienta Negra 90 Cápsulas,https://www.farmaloop.cl/products/curcuma-pimienta-180-x-capsulas-159018/,false,Suplementos y Vitaminas,Suplementos,9740,12990,0,Venta directa (Sin receta),Pharma QF,,Cápsula,,,
159019,Creatina 180 x  Caps.,https://www.farmaloop.cl/products/creatina-180-x-caps-159019/,false,Suplementos y Vitaminas,Suplementos,,,0,Venta directa (Sin receta),Pharma QF,,Cápsula,,,
159022,Cranberry 90 x Caps.,https://www.farmaloop.cl/products/cranberry-90-x-caps-159022/,false,Suplementos y Vitaminas,Vitaminas y Minerales,8890,11890,0,Venta directa (Sin receta),Pharma QF,,Comprimido,,,
159023,Flor de Jamaica 60 Cápsulas,https://www.farmaloop.cl/products/flor-de-jamaica-60-x-caps-159023/,false,Suplementos y Vitaminas,Suplementos,6920,11990,0,Venta directa (Sin receta),Pharma QF,,Cápsula,,,
159024,Magnesio citrato 90 x Caps.,https://www.farmaloop.cl/products/magnesio-citrato-90-x-caps-159024/,true,Suplementos y Vitaminas,Vitaminas y Minerales,7990,9990,0,Venta directa (Sin receta),Pharma QF,,Cápsula,,,
159025,Magnesio Quelado 60 x Caps.,https://www.farmaloop.cl/products/magnesio-quelado-60-x-caps-159025/,true,Suplementos y Vitaminas,Vitaminas y Minerales,7790,12990,0,Venta directa (Sin receta),Pharma QF,,Unidad,,,
159026,Maca 60 Cápsulas,https://www.farmaloop.cl/products/maca-60-x-caps-159026/,false,Suplementos y Vitaminas,Suplementos,,,0,Venta directa (Sin receta),Pharma QF,,Cápsula,,,
159028,Ashwaganda 90 x Caps,https://www.farmaloop.cl/products/ashwaganda-90-x-caps-159028/,true,Suplementos y Vitaminas,Vitaminas y Minerales,9990,12600,0,Venta directa (Sin receta),Pharma QF,,Unidad,,,
159029,Resveratrol 60 x Caps.,https://www.farmaloop.cl/products/resveratrol-60-x-caps-159029/,true,Suplementos y Vitaminas,Vitaminas y Minerales,8890,16990,0,Venta directa (Sin receta),Pharma QF,,,,,
159014,Calme Fort  90 Cápsulas,https://www.farmaloop.cl/products/calme-fort-x-90-caps-159014/,true,Suplementos y Vitaminas,Suplementos,7990,9990,3,Venta directa (Sin receta),Pharma QF,,Cápsula,,,
159015,Cicra Centella Asiática 60 Cápsulas,https://www.farmaloop.cl/products/cicra-x-60-caps-159015/,false,Suplementos y Vitaminas,Suplementos,7500,10990,0,Venta directa (Sin receta),Pharma QF,,Cápsula,,,
159016,Femme Activ  60 Cápsulas 500mg,https://www.farmaloop.cl/products/femme-activ-x-60-caps-159016/,true,Suplementos y Vitaminas,Suplementos,5000,10900,0,Venta directa (Sin receta),Pharma QF,,Cápsula,,,
159030,Infor vit Zinc 60 comprimidos recubiertos,https://www.farmaloop.cl/products/infor-vit-zinc-x-60-com-159030/,true,Suplementos y Vitaminas,Vitaminas y Minerales,,,0,Venta directa (Sin receta),LABORATORIOS PRATER S A,,Cápsula,,,
159037,Pediasure Vainilla x 850gr,https://www.farmaloop.cl/products/pediasure-vainilla-x-850gr-159037/,true,Suplementos y Vitaminas,Suplementos,,,0,Venta directa (Sin receta),Abbout Nutrition,,Tarro,,,
159038,Enterex Karbs x 450 g Polvo,https://www.farmaloop.cl/products/enterex-karbs-x-450-g-polvo-159038/,true,Suplementos y Vitaminas,Suplementos,,,0,Venta directa (Sin receta),LABORATORIO MEGALABS CHILE S.A.,,Sobre,,,
159039,Inmunex Plus Vainilla Late x 131 g Sachet,https://www.farmaloop.cl/products/inmunex-plus-vainilla-late-x-131-g-sachet-159039/,true,Suplementos y Vitaminas,Suplementos,,,0,Venta directa (Sin receta),LABORATORIO MEGALABS CHILE S.A.,,Envase unidosis,,,
159046,Maam Vit 30 Cápsulas,https://www.farmaloop.cl/products/maam-vit-30-cap-159046/,true,Suplementos y Vitaminas,Suplementos,16990,21790,4,Venta directa (Sin receta),LABORATORIO CHILE S A,,Cápsula,,,
159096,Vitamin UP MultiWoman 60 comprimidos,https://www.farmaloop.cl/products/vitamin-up-multiwoman-x-60-comprimidos-159096/,true,Suplementos y Vitaminas,Vitaminas y Minerales,13990,15990,0,Venta directa (Sin receta),LABORATORIO NEWSCIENCE,,Comprimido,,,
159098,Vitamin UP Vitamina D x 60 cápsulas,https://www.farmaloop.cl/products/vitamin-up-vitamina-d-x-60-capsulas-159098/,true,Suplementos y Vitaminas,Vitaminas y Minerales,13590,16990,0,Venta directa (Sin receta),LABORATORIO NEWSCIENCE,,Cápsula,,,
159099,Selenio 100 mcg Now 100 comprimidos,https://www.farmaloop.cl/products/selenio-100-mcg-x-100-comprimidos-159099/,true,Suplementos y Vitaminas,Vitaminas y Minerales,8390,10210,0,Venta directa (Sin receta),American Nutrition,,Comprimido,,,
159105,Bisglinato de magnesio  x 90 cápsulas,https://www.farmaloop.cl/products/bisciclinato-de-magnesio-x-90-cap-159105/,true,Suplementos y Vitaminas,Vitaminas y Minerales,,,0,Venta directa (Sin receta),Pharma QF,,Cápsula,,,
159131,Vitamina D kids Colecalciferol 200 UI/ Gotas,https://www.farmaloop.cl/products/vitamina-d-kids-colecalciferol-200-ui-gotas-159131/,true,Suplementos y Vitaminas,Vitaminas y Minerales,,,0,Venta directa (Sin receta),EUROFARMA CHILE S.A.,,Frasco ampolla,,,
159198,Vitamin D3 600 UI Solgar 120 Cápsulas Veganas,https://www.farmaloop.cl/products/vitamin-d3-600-iu-120-vegi-caps-159198/,true,Suplementos y Vitaminas,Vitaminas y Minerales,16760,25990,0,Venta directa (Sin receta),SOC. COM. NLS NUTRALINE SUPLEMENT LTDA.,,Cápsula,,,
159199,Vitamina D3 400 UI Solgar 100 Cápsulas Softgel,https://www.farmaloop.cl/products/vitamina-d3-400-iu-100-soft-sol-159199/,true,Suplementos y Vitaminas,Vitaminas y Minerales,13590,16990,0,Venta directa (Sin receta),SOC. COM. NLS NUTRALINE SUPLEMENT LTDA.,,Cápsula,,,
159201,Zinc 20mg Sunvit 60 Tabletas,https://www.farmaloop.cl/products/zinc-picolinate-20mg-60-tab-svl-159201/,true,Suplementos y Vitaminas,Vitaminas y Minerales,9290,11990,0,Venta directa (Sin receta),SOC. COM. NLS NUTRALINE SUPLEMENT LTDA.,,Cápsula,,,
159202,Vitaminas Multi Senior Sunvit 60 Tabletas,https://www.farmaloop.cl/products/multi-senior-60-tabs-svl-159202/,true,Suplementos y Vitaminas,Vitaminas y Minerales,14990,18990,3,Venta directa (Sin receta),SOC. COM. NLS NUTRALINE SUPLEMENT LTDA.,,Tableta,,,
159207,"Crevet Light Vitamina C 100mg x 100 Comp, Mast.  Sabor Naranja",https://www.farmaloop.cl/products/crevet-light-vitamina-c-100mg-x-100-comp-mast-sabor-naranja-159207/,true,Suplementos y Vitaminas,Vitaminas y Minerales,1590,2490,5,Venta directa (Sin receta),LABORATORIOS PRATER S A,,Comprimido,,,
159208,Crevet Light Vitamina C 500mg x 32Comp Mast. Sabor Naranja,https://www.farmaloop.cl/products/crevet-light-vitamina-c-500mg-x-32comp-mast-sabor-naranja-159208/,false,Suplementos y Vitaminas,Vitaminas y Minerales,2900,0,0,Venta directa (Sin receta),LABORATORIOS PRATER S A,,Comprimido,,,
159217,ZINC 30 MG / 15 MG (60) - VitaminLife Zinc-15 60 Tabletas,https://www.farmaloop.cl/products/zinc-30-mg-15-mg-60-vitaminlife-zinc15-60-tabletas-159217/,false,Suplementos y Vitaminas,Vitaminas y Minerales,,,0,Venta directa (Sin receta),GENERICOS,,Comprimido,,,
159220,Cúrcuma pimienta 180 x Cápsulas,https://www.farmaloop.cl/products/curcuma-pimienta-180-x-capsulas-159220/,false,Suplementos y Vitaminas,Suplementos,9990,12490,0,Venta directa (Sin receta),Pharma QF,,Cápsula,,,
159246,Okrabiotic Probióticos + Cromo  120 cápsulas,https://www.farmaloop.cl/products/-anc-okrabiotic-x-120-cap-159246/,true,Suplementos y Vitaminas,Vitaminas y Minerales,,,0,Venta directa (Sin receta),American Nutrition,,Cápsula,,,
159274,Ensure Clinical  RPB Vainilla x 220 ML (1.5 kcal/mL),https://www.farmaloop.cl/products/ensure-clinical-rpb-vainilla-x-220-ml-15-kcalml-159274/,true,Suplementos y Vitaminas,Suplementos,2580,3690,0,Venta directa (Sin receta),ABBOTT LABORATORIES DE CHILE LTDA.,,Envase unidosis,,,
159283,"Vitamina C Mini + Multivitaminas, Frambuesa 20 tabletas efervecentes",https://www.farmaloop.cl/products/vitamina-c-mini-multivitaminas-frambuesa-20-tabletas-efervecentes-159283/,true,Suplementos y Vitaminas,Vitaminas y Minerales,3000,3990,4,Venta directa (Sin receta),SOC MEDICA IMPORTADORA Y COMERCIALIZADORA BIOPLUS SPA,,Tableta,,,
159284,"Gomitas L-triptófano+Magsenio+B6, 30 gomitas",https://www.farmaloop.cl/products/gomitas-ltriptofanomagseniob6-30-gomitas-159284/,true,Suplementos y Vitaminas,Suplementos,5750,10990,0,Venta directa (Sin receta),SOC MEDICA IMPORTADORA Y COMERCIALIZADORA BIOPLUS SPA,,Tarro,,,
159285,"Gomitas Vitamina C+ Zinc, 30 Gomitas",https://www.farmaloop.cl/products/gomitas-vitamina-c-zinc-30-gomitas-159285/,true,Suplementos y Vitaminas,Vitaminas y Minerales,5990,10990,0,Venta directa (Sin receta),SOC MEDICA IMPORTADORA Y COMERCIALIZADORA BIOPLUS SPA,,Unidad,,,
159286,"Gomitas Biotina + Zinc, 30 Gomitas",https://www.farmaloop.cl/products/gomitas-biotina-zinc-30-gomitas-159286/,true,Suplementos y Vitaminas,Vitaminas y Minerales,6900,10990,5,Venta directa (Sin receta),SOC MEDICA IMPORTADORA Y COMERCIALIZADORA BIOPLUS SPA,,Unidad,,,
159289,Vitapark Brain Protect 60 Cápsulas,https://www.farmaloop.cl/products/vitapark-brain-protect-159289/,true,Suplementos y Vitaminas,Vitaminas,22790,28490,0,Venta directa (Sin receta),PRODUCTOS FARMACÉUTICOS Y NUTRACÉUTICOS NEUROPHARMA LIMITADA,,Cápsula,"coenzima q10 15 mg | cianocobalamina (vitamina b12) 0,012 mg | acido folico 400 mg",,
159306,Vitamina C 1000mg Sabor Limón Vitaenergy 20 tabletas efervecentes,https://www.farmaloop.cl/products/vitamina-c-limon-vita-energy-159306/,true,Suplementos y Vitaminas,Vitaminas y Minerales,2990,4190,9,Venta directa (Sin receta),SOC MEDICA IMPORTADORA Y COMERCIALIZADORA BIOPLUS SPA,,Tableta,,,
159325,Infor Vit Zinc 60 Comprimidos,https://www.farmaloop.cl/products/infor-vit-zinc-60-comprimidos-159325/,true,Suplementos y Vitaminas,Vitaminas y Minerales,5000,9990,0,Venta directa (Sin receta),LABORATORIOS PRATER S A,,Comprimido,,,
159326,Infor Vit Magnesio Citrato 60 cápsulas,https://www.farmaloop.cl/products/infor-vit-magnesio-citrato-60-capsulas-159326/,true,Suplementos y Vitaminas,Vitaminas y Minerales,11990,14990,2,Venta directa (Sin receta),LABORATORIOS PRATER S A,,Cápsula,,,
159328,Crevet Light Maqui Vitamina C 500 mg 32 comprimidos,https://www.farmaloop.cl/products/crevet-light-maqui-vitamina-c-500-mg-32-comprimidos-159328/,true,Suplementos y Vitaminas,Vitaminas y Minerales,3690,4690,0,Venta directa (Sin receta),LABORATORIOS PRATER S A,,Comprimido,,,
159364,Citriol Citrato de Magnesio - Berries 150 grs. 30 porciones,https://www.farmaloop.cl/products/citriol-berries-150-gr-x-30-porciones-159364/,true,Suplementos y Vitaminas,Vitaminas y Minerales,7500,12990,12,Venta directa (Sin receta),NUTRAPHARM,,Tarro,,,
159365,"Citriol L-Triptófano Berries, 150grs, 30 porciones",https://www.farmaloop.cl/products/citriol-ltriptofano-berries-150-gr-x-30-porciones-159365/,true,Suplementos y Vitaminas,Vitaminas y Minerales,9700,14990,0,Venta directa (Sin receta),NUTRAPHARM,,Tarro,,,
159372,"NAD+ Boost Complejo nutricional Nutrapharm, 60 cápsulas",https://www.farmaloop.cl/products/nad-boost-x-60-caps-159372/,true,Suplementos y Vitaminas,Suplementos,19990,24990,4,Venta directa (Sin receta),NUTRAPHARM,,Cápsula,,,
159376,"Visiox Vitaminas-Minerales-Antioxidantes Nutrapharm, 30 Cápsulas",https://www.farmaloop.cl/products/visiox-caps30-un-159376/,true,Suplementos y Vitaminas,Vitaminas y Minerales,9590,11990,5,Venta directa (Sin receta),NUTRAPHARM,,Cápsula,,,
159414,Mag Max Brain 60 Cápsulas,https://www.farmaloop.cl/products/mag-max-brain-60-comprimidos-159414/,true,Suplementos y Vitaminas,Vitaminas y Minerales,29000,32990,2,Venta directa (Sin receta),LABORATORIO NEWSCIENCE,NEWSCIENCE,Cápsula,magnesio,,
159415,Mag Max 4 Magnesios 60 Comprimidos,https://www.farmaloop.cl/products/mag-max-4-magnesios-60-comprimidos-159415/,true,Suplementos y Vitaminas,Vitaminas y Minerales,29890,34990,2,Venta directa (Sin receta),LABORATORIO NEWSCIENCE,NEWSCIENCE,Comprimido,citrato de magnesio,,
159421,Vidyn 50.000UI Vitamina D3 4 Cápsulas Blandas,https://www.farmaloop.cl/products/vidyn-50000-ui-x-4-capsulas-blandas-159421/,true,Suplementos y Vitaminas,Vitaminas y Minerales,14870,18590,2,Venta directa (Sin receta),INSTITUTO SANITAS S.A.,INSTITUTO SANITAS SA,Cápsula,,,
159574,Vedipal 450 mg/50 mg x 60 Comprimidos,https://www.farmaloop.cl/products/vedipal-450-mg50-mg-x-60-comprimidos-159574/,false,Suplementos y Vitaminas,Suplementos,,,0,Venta directa (Sin receta),ADIUM-TECNOFARMA S.A.,,Comprimido,diosmina 450 mg | hesperidina 50 mg,,
159585,Folacid Ácido Fólico 1mg 60 Comprimidos - (Cenabast),https://www.farmaloop.cl/products/folacid-1mg-x-60-comprimidos-cenabast-159585/,true,Suplementos y Vitaminas,Suplementos,1720,7790,0,Presentación receta médica,ITF-LABOMED FARMACEUTICA LTDA.,,Comprimido,ac folico(vit b9) 1 mg,,
159586,Heliofol Ácido Fólico 5mg 30 Comprimidos - Cenabast,https://www.farmaloop.cl/products/heliofol-5-mg-x-30-comprimidos-cenabast-159586/,true,Suplementos y Vitaminas,Suplementos,1490,4400,0,Presentación receta médica,SYNTHON CHILE LIMITADA,,Comprimido,ac folico(vit b9) 5 mg,,
159600,Ashwagandha 1000mg 60 Cápsulas,https://www.farmaloop.cl/products/ashwaganda-60-caps-159600/,true,Suplementos y Vitaminas,Vitaminas y Minerales,12990,15990,0,Venta directa (Sin receta),WINKLER LIMITADA,WINKLER NUTRITION,Cápsula,,,
159601,GEL BOOST LIMON 24 UN.CAJITA,https://www.farmaloop.cl/products/gel-boost-limon-24-uncajita-159601/,true,Suplementos y Vitaminas,Vitaminas y Minerales,,,0,Venta directa (Sin receta),WINKLER LIMITADA,WINKLER NUTRITION,Sobre,,,
159604,Melena de León Winkler 60 Cápsulas,https://www.farmaloop.cl/products/melena-de-leon-60-caps-159604/,true,Suplementos y Vitaminas,Vitaminas y Minerales,12990,15990,2,Venta directa (Sin receta),WINKLER LIMITADA,WINKLER NUTRITION,Cápsula,,,
159605,OMEGA 3 ENV. 90 CAPS.,https://www.farmaloop.cl/products/omega-3-env-90-caps-159605/,true,Suplementos y Vitaminas,Vitaminas y Minerales,,,0,Venta directa (Sin receta),WINKLER LIMITADA,WINKLER NUTRITION,Cápsula,,,
159618,Vitamina B12 Vegana 120 cápsulas – Foodtech,https://www.farmaloop.cl/products/vegan-vitamin-b12-caps-159618/,true,Suplementos y Vitaminas,Vitaminas y Minerales,17070,29990,0,Venta directa (Sin receta),FOODTECH,,Cápsula,,,
159627,Finartrit Polvo Naranja 30 Sobres - Cenabast,https://www.farmaloop.cl/products/finartrit-polvo-oral-caha-30-sobres-sobres-cenabast-159627/,true,Suplementos y Vitaminas,Suplementos,19990,37790,0,Venta directa (Sin receta),LABORATORIO MEGALABS CHILE S.A.,ANDROMACO,Sobre,,,
159645,Nutrapharm EnFibra Fibersol™ 30 Sachets,https://www.farmaloop.cl/products/enfibra-fibersol-x-30-stickpack-159645/,true,Suplementos y Vitaminas,Suplementos,20990,26990,4,Venta directa (Sin receta),NUTRAPHARM,,Sobre,,,
159646,Nutrapharm Momeria 60 Comprimidos,https://www.farmaloop.cl/products/momeria-60-comprimidos-159646/,true,Suplementos y Vitaminas,Suplementos,18990,24990,8,Venta directa (Sin receta),NUTRAPHARM,,Comprimido,,,
159649,AstaMax 30 cápsulas,https://www.farmaloop.cl/products/astamax-30-capsulas-159649/,true,Suplementos y Vitaminas,Vitaminas y Minerales,,,0,Venta directa (Sin receta),LABORATORIO NEWSCIENCE,,Envase unidosis,antioxidantes: astaxantina 4 mg,,
159650,ProBiotix Daily 30,https://www.farmaloop.cl/products/probiotix-daily-30-159650/,true,Suplementos y Vitaminas,Vitaminas y Minerales,,,0,Venta directa (Sin receta),LABORATORIO NEWSCIENCE,,Envase unidosis,,,
159651,"Qi Max 200, Concentrado de Maqui Ultra Premium, 30 Cápsulas",https://www.farmaloop.cl/products/qi-maqui-200-ultra-premium-30-capsulas-159651/,true,Suplementos y Vitaminas,Suplementos,23590,26990,0,Venta directa (Sin receta),LABORATORIO NEWSCIENCE,,Cápsula,maqui,,
159666,D-MANOSA X 60 CAPSULAS,https://www.farmaloop.cl/products/dmanosa-x-60-capsulas-159666/,false,Suplementos y Vitaminas,Suplementos,,,0,Venta directa (Sin receta),LABORATORIO GREEN MEDICAL,,Cápsula,,,
159707,Citrato de Magnesio 180 cápsulas – Foodtech,https://www.farmaloop.cl/products/citrato-de-magnesio-180-caps-foodtech-159707/,true,Suplementos y Vitaminas,Vitaminas y Minerales,18990,25990,0,Venta directa (Sin receta),FOODTECH,,Cápsula,,,
159709,Melena de León Gummies 60 unidades – Foodtech,https://www.farmaloop.cl/products/melena-de-leon-gummies-60-unid-foodtech-159709/,true,Suplementos y Vitaminas,Suplementos,,,0,Venta directa (Sin receta),FOODTECH,,Caramelo,,,
159710,Glicinato de Magnesio con Bioperine 180 cápsulas – NOW Foods,https://www.farmaloop.cl/products/magnesium-glycinate-with-bioperine-180caps-now-foods-159710/,true,Suplementos y Vitaminas,Vitaminas y Minerales,,,0,Venta directa (Sin receta),FOODTECH,,Cápsula,,,
159755,B-COMPLEX CAP X 60 ,https://www.farmaloop.cl/products/bcomplex-cap-x-60-159755/,true,Suplementos y Vitaminas,Suplementos,,,0,Venta directa (Sin receta),Rhea  supplements,,Cápsula,,,
159812,ACTIOVAL X 30 CAPSULAS,https://www.farmaloop.cl/products/actioval-x-30-capsulas-159812/,true,Suplementos y Vitaminas,Suplementos,,,0,Venta directa (Sin receta),ARAMA NATURAL PRODUCTS DISTRIBUIDORA LIMITADA,,Cápsula,,,
159821,Detres Vitamina D3 800 UI x 90 Comprimidos,https://www.farmaloop.cl/products/detres-vitamina-d3-800-ui-x-90-comprimidos-159821/,true,Suplementos y Vitaminas,Vitaminas y Minerales,14990,24990,6,Venta directa (Sin receta),Gadorpharma SpA,DETRES,Comprimido,vitamina d3 800 UI,,
159849,100% Women Multivitamínico 90 Cápsulas - Foodtech,https://www.farmaloop.cl/products/100-women-multivitamins-90caps-foodtech-159849/,true,Suplementos y Vitaminas,Vitaminas y Minerales,16990,22990,3,Venta directa (Sin receta),FOODTECH,,Cápsula,,,